index,name,age,guest_email,has_rewards,room_type,amenities_fee,checkin_date,checkout_date,room_rate,billing_address,credit_card_number
16189848,Tom Prince,37,dsullivan@example.net,True,BASIC,5.04,2020-11-14,2020-11-16,144.64,"90469 Karla Knolls Apt. 781
Susanberg, CA 70033",180052671151200.0
12023745,John Roberts,34,steven59@example.org,False,SUITE,0.64,2020-06-14,2020-06-09,117.9,"6108 Carla Ports Apt. 116
Port Evan, MI 71694",3597462455355292.0
15287077,Billy Murphy,34,brandon15@example.net,False,BASIC,1.67,2020-04-11,2020-04-25,123.58,"86709 Jeremy Manors Apt. 786
Port Garychester, NY 89396",4.506225085001041e+18
15968702,Maria Roy,27,humphreyjennifer@example.net,True,SUITE,1.2,2020-08-28,2020-09-19,220.55,"8906 Bobby Trail
East Sandra, NY 43986",3508886770110131.0
2886621,Sandra Mercado,34,joshuabrown@example.net,False,BASIC,36.73,2020-08-21,2020-07-07,207.66,"732 Dennis Lane
Port Nicholasstad, DE 49786",30183309259420.0
5139537,Eric Sherman,32,moondavid@example.com,False,BASIC,0.74,2020-04-30,2020-03-11,129.41,"812 Kimberly Forges
East Brianafurt, TN 07793",347656375153914.0
14009891,Jerry Berger,36,patty61@example.com,True,DELUXE,0.74,2020-06-13,2020-06-27,261.99,"7999 Sheila Forges Apt. 089
West Briannahaven, DC 42402",4433145920976497.0
11808027,Kelly Turner,34,michellehill@example.net,False,BASIC,,2020-07-13,2020-07-26,110.98,"0794 Bell Causeway Suite 830
Port Joseph, WV 87475",6561682123781794.0
15847670,Joan Patterson,40,loganosborne@example.org,False,DELUXE,48.12,2020-03-13,2020-03-23,159.1,"436 Derek Walks Apt. 522
Davisburgh, OK 13124",6532732111664183.0
16653740,Sherry Mcdowell,40,gkey@example.org,True,BASIC,1.27,2020-12-25,,156.19,"26077 Small Courts
Brandonshire, IN 30170",38250296241703.0
9496133,Dylan Cook,36,maykimberly@example.com,False,DELUXE,9.71,2020-03-12,2020-02-08,150.19,"1943 Jones Crossing Apt. 570
Christensenview, SD 23020",4870217621894947.0
11070022,Becky Ford,29,josephknight@example.com,False,BASIC,8.02,2020-10-17,2020-09-18,154.05,"315 Padilla Ports Apt. 924
New William, OH 86954",374931901514525.0
3822064,Andrea Harrington,31,nmoses@example.com,False,BASIC,2.8,2020-02-07,2020-02-10,176.12,"117 Delgado Island Apt. 504
New Carrie, MA 69574",501867180082.0
1161824,Charles Castillo,31,hamptonemma@example.net,False,DELUXE,1.82,2020-04-18,2020-04-09,87.39,"61701 Brown Inlet Suite 727
Davisburgh, AS 70337",3526203380502681.0
15399332,Derrick Mckay,38,paula75@example.org,False,SUITE,13.88,2020-03-16,2020-03-21,162.2,"67341 Gill Springs Suite 388
Lake Josephshire, ND 91686",30075413312436.0
9837451,Richard Lewis DDS,33,zmurray@example.com,False,DELUXE,39.07,2020-02-14,2020-03-04,86.87,"3373 Barbara Ramp Apt. 731
Port Paula, AR 38288",3512572496878136.0
8497895,Lisa Lopez,39,rfletcher@example.net,False,BASIC,19.86,2020-11-28,2020-12-21,98.79,"410 William Fort Suite 078
Carrieport, VT 58792",213139999175747.0
767188,Michael Phillips,37,ruizcameron@example.org,False,BASIC,24.08,2020-11-08,2020-12-26,84.91,"USNS Hendricks
FPO AE 84604",3533015952747556.0
6890481,Jacob Delacruz,50,smithsara@example.org,False,BASIC,35.14,2020-07-21,2020-09-02,120.16,"4477 Paul Garden Apt. 483
Mcneilbury, MN 82285",3546591923039815.0
13163003,Edward Thomas,38,maria62@example.com,False,SUITE,4.17,2020-04-26,2020-05-03,228.99,"PSC 9486, Box 4682
APO AA 98819",346920431357427.0
1327125,Heather Garrett,31,edwardstammy@example.com,False,BASIC,48.1,2020-12-09,2020-11-07,93.56,"343 Baldwin Rest Apt. 946
East Hollyview, LA 42007",36233765325480.0
9148323,Rebecca Conner,32,catherinemccormick@example.net,False,BASIC,1.33,2020-02-29,2020-04-06,127.66,"9445 Nicole Plaza Apt. 276
Eatonfurt, DC 18567",4883942848658503.0
4677280,Bobby Johnson,32,jesse07@example.net,False,SUITE,1.51,2020-03-26,2020-02-21,129.01,"1904 Wilson Creek Apt. 658
Lake Andrea, WY 90251",38601200996362.0
1960071,Maria Knight,32,wendyjohnson@example.org,False,DELUXE,0.3,2020-11-17,,123.76,"84957 Fields Plaza
Lake Benjamin, KY 84307",3579824931666638.0
6074580,Daniel Clark,28,omitchell@example.com,False,BASIC,1.59,2020-07-19,2020-09-27,154.13,"96390 Brady Bridge Suite 194
Lake Harold, PA 36574",3595992944377442.0
5564823,Luke Miller,40,westjoseph@example.com,False,BASIC,0.24,2020-11-26,2020-12-04,153.13,"367 Williams Parks Apt. 846
Marshville, NH 89621",3583473653792448.0
7858168,Brian Williams,34,jason43@example.org,False,BASIC,15.13,2020-12-07,2020-11-20,207.44,"8186 Matthew Trail Suite 357
Port Markside, SC 92450",6011981947436387.0
16072964,Brandon Macias,45,lancewatkins@example.net,False,BASIC,17.06,2020-07-07,2020-06-14,89.92,"Unit 7599 Box 7175
DPO AA 75758",4556150727772660.0
15142143,Daniel Gonzalez,31,annesherman@example.org,False,BASIC,48.12,2020-05-13,,328.11,"Unit 1315 Box 2678
DPO AE 94415",502056708980.0
3540040,Cassandra Martinez,33,kimlance@example.net,False,BASIC,48.12,2020-11-13,2020-11-02,144.86,"77720 Andrew Burg
Alexandermouth, ND 28613",5471312864101751.0
2051032,Laura Hubbard,32,michaelwheeler@example.com,False,SUITE,39.74,2020-01-23,2020-01-20,204.29,"4148 Ryan Tunnel
Lake Jay, NM 34078",4989751952474307.0
13682937,Julie Brown,39,randy76@example.com,False,BASIC,0.29,2020-06-04,2020-06-09,163.94,"607 Moran Stream Suite 476
West Sara, OK 12134",3509613216409524.0
2902300,Michael Potter,32,pschroeder@example.org,False,DELUXE,19.9,2020-09-30,2020-08-31,283.83,"7944 Watkins Pass
East Dale, KS 28967",2297145013917969.0
12648685,Timothy Moreno,41,ariana98@example.org,False,BASIC,,2020-08-27,2020-09-01,291.71,"472 Dodson Shore
West Mitchellville, VI 84398",180053387014708.0
6317854,Toni Perez,36,hillcourtney@example.com,False,BASIC,40.81,2020-03-15,2020-02-25,93.07,"503 Andrea Throughway
South Loribury, TX 29844",213112259133615.0
8882350,Donald Scott,37,edwinherrera@example.org,False,BASIC,0.25,2020-02-18,2020-02-20,83.87,"Unit 1814 Box 8918
DPO AP 84144",36504907651169.0
2981193,Amy Marshall,41,nicolasodom@example.net,False,BASIC,14.05,2020-10-29,2020-10-17,119.85,"38971 Thompson Motorway Suite 674
Sarahfort, SC 76730",501893595667.0
1012898,Daniel Henderson PhD,36,richard66@example.com,False,BASIC,0.62,2020-01-30,2020-02-01,87.19,"504 James Cove Suite 629
Antonioshire, MD 92450",4518437796820349.0
14771092,Allison Hawkins,32,james04@example.com,False,BASIC,0.0,2020-11-08,2020-10-30,87.12,"24927 Scott Rest
Dawsonmouth, MA 93046",4620264785123.0
16585826,Theodore Henson,32,arianafritz@example.org,False,BASIC,48.12,2020-09-17,2020-10-03,116.22,"06616 Johnson Fall
Maryton, OR 34388",4876152821392331.0
2064457,Kristin Pierce,39,ryan53@example.org,False,BASIC,38.75,2020-03-03,2020-03-19,106.48,"6316 Brian Inlet Apt. 103
East Edward, ND 87314",4838434281575481.0
13051143,Kelly Rhodes,30,bobbyreid@example.com,False,BASIC,20.07,2020-12-15,2020-12-06,126.57,"1573 Jose Burg
Kempland, MO 73717",4044359123352718.0
14618626,Mary Williams,33,jeannephillips@example.com,False,BASIC,9.25,2020-08-24,2020-07-30,130.23,"PSC 5190, Box 7655
APO AP 46221",675920590501.0
7928912,Lisa Conrad,35,latoya51@example.org,False,SUITE,0.3,2020-10-02,2020-09-29,108.28,"213 Luna Isle
Lake Frank, TN 44392",6565520481208727.0
6644730,Jeremy Foster,34,duncanmegan@example.net,False,BASIC,3.19,2020-08-08,2020-07-29,124.75,"303 Lucas Forges Suite 796
Williammouth, NY 61985",213181433326924.0
3090101,Sarah Davis,44,gabriel70@example.net,False,BASIC,,2020-11-08,2020-11-15,88.17,"438 Kent Inlet Apt. 154
Wilsonville, NY 12624",2720263617157457.0
3716987,Jessica Marshall,29,floreskristine@example.org,False,BASIC,48.12,2020-09-05,2020-10-29,299.91,"52701 Rivera Light
Fergusonberg, VT 94936",213137691346558.0
12505364,Dustin Vasquez,35,lydiabenjamin@example.net,False,BASIC,17.39,2020-05-20,2020-04-18,105.54,"01757 Rebecca Ville
North Jonathantown, MT 05749",4898788905645633.0
11861389,Dustin Richardson,41,gcarroll@example.com,False,BASIC,0.71,2020-03-15,2020-03-13,193.16,"722 Kristine Dam Apt. 241
East Josephport, AL 31161",676273789567.0
590675,Shannon Landry,33,jorge85@example.org,False,BASIC,14.18,2020-03-18,2020-04-08,208.19,"56383 Melinda Oval
Wallacetown, PR 16577",30251758318979.0
2279078,Dawn Aguilar,34,olsensharon@example.net,False,BASIC,48.12,2020-04-13,2020-06-14,161.12,"8545 Morgan Stream
Clairefurt, DC 46304",3554052333734007.0
6744853,Nichole West,42,dschmidt@example.org,False,DELUXE,0.05,2020-09-25,2020-10-01,183.43,"813 Leslie Square Apt. 873
Lake Stephen, NE 19558",370793160274926.0
3580390,Norman Smith,35,elizabethgutierrez@example.com,False,BASIC,27.83,2020-10-17,2020-10-07,95.26,"69915 Hernandez Trail
Port Gloria, LA 62412",6545650420881782.0
15454236,Kimberly Clark,34,sanchezangela@example.net,True,BASIC,7.73,2020-08-24,2020-06-03,118.89,"589 Smith Views Suite 291
East Adam, WA 16329",583131454139.0
1009129,Angela Clark,31,vanessaacevedo@example.org,False,BASIC,37.77,2020-10-19,2020-10-09,188.88,"9532 James Cove Suite 769
Port Rachelshire, FM 54311",376810824223794.0
5577626,Brian Mueller,33,ericalandry@example.org,False,BASIC,8.04,2020-07-19,2020-08-02,104.98,"007 Edward Flats Apt. 586
Lake Maria, TN 79006",213160234449739.0
10239105,Derek Meadows,31,ramossamuel@example.org,False,BASIC,47.62,2020-07-27,2020-07-23,137.16,"9006 Whitney Viaduct
Russoview, NC 60267",375585173778934.0
2603536,Courtney Hall,34,pclark@example.net,False,SUITE,36.45,2020-07-14,2020-08-09,361.0,"3628 Jessica Key
Collinsfort, MD 43974",3537216580189635.0
5312579,Mary Burns,43,hayesjeffery@example.net,False,BASIC,2.65,2020-09-19,2020-10-13,113.53,"5670 Bennett Run Apt. 065
East Jeremiah, NC 88351",344476815457673.0
16021538,Brenda Harris,38,julie49@example.com,False,BASIC,7.7,2020-05-02,2020-03-10,132.29,"906 Theresa Square
East Michele, GA 92947",6011131188860651.0
362481,Eric Sanchez,37,caitlincasey@example.com,False,BASIC,48.12,2020-05-23,2020-04-07,150.27,"979 Gary Centers Apt. 795
North Lancemouth, IA 47785",213151912586538.0
2467187,Kenneth Rivera,44,justincervantes@example.org,False,BASIC,0.0,2020-04-29,2020-04-21,89.55,"61525 Holland Track
South Kayla, DE 04657",3588187411497844.0
7801649,Benjamin Olson,36,robert27@example.com,False,BASIC,21.38,2020-11-23,,86.67,"181 Smith Crest
East Aaron, WA 28307",2703857324857126.0
6767749,Teresa Blanchard,40,matthewlamb@example.com,True,BASIC,9.8,2020-10-15,2020-09-19,270.4,"2999 Banks Well Suite 341
Andrewmouth, AS 64872",379422976879261.0
13966527,Tiffany Walker,34,amoyer@example.com,False,BASIC,9.49,2020-12-29,2021-01-03,116.52,"1388 Maria Dam Suite 130
Jonstad, NH 62994",4.811159333359428e+18
426037,Frances Hoover,33,jrobinson@example.net,True,BASIC,37.06,2020-02-07,2020-01-25,89.56,"75653 Donna Walk Apt. 422
South Matthewshire, MT 62719",6011736863192186.0
1606943,Mr. Ricky Cantrell Jr.,34,thompsonsamantha@example.org,True,BASIC,0.0,2020-01-09,,83.94,"6985 Donald Viaduct Suite 805
Robinsonburgh, OR 29137",4718945423105767.0
8097796,Joel Little,29,wdavidson@example.com,False,BASIC,8.45,2020-09-25,2020-10-20,125.23,"6558 Tanner Village Apt. 968
North Cristinaport, DE 40644",561921227063.0
13406666,Cynthia Alvarez,45,druiz@example.com,False,BASIC,0.56,2020-04-09,2020-05-20,104.91,"549 Phillips Dale
Strongport, NH 45080",4706301249375446.0
8807342,Sharon Anderson,31,baileyhoward@example.com,False,BASIC,28.18,2020-08-17,2020-08-03,157.26,"2423 Fisher Circles Suite 622
Taraport, KY 13532",4.936219116479032e+18
6874839,Stephanie Barnes,34,smiller@example.com,False,BASIC,0.91,2020-12-09,2020-11-29,91.68,"9690 Walker Radial
Turnerbury, NM 91430",4934978810975573.0
159921,Shannon Thompson,32,lindsey88@example.com,False,BASIC,8.76,2020-08-19,2020-08-08,126.23,"194 Carmen Gateway
Timothyhaven, AL 95173",4660493413766.0
14887294,Krista Perez,38,jmcconnell@example.com,False,BASIC,0.25,2020-01-12,2020-01-23,88.65,"51235 Rose Expressway
North Ashleyshire, DC 62199",4.225810520936184e+18
5617468,Debbie Crawford,37,kimberly45@example.org,False,BASIC,33.14,2020-02-20,2020-02-15,87.25,"55959 Williams Stream Apt. 137
Davisport, MN 21342",3533101731879728.0
8270407,Henry Garcia,39,amanda81@example.com,False,DELUXE,5.87,2020-11-26,2020-12-09,144.24,"0320 Elizabeth Hills Apt. 993
New Veronica, NC 65740",3575172319380982.0
5928597,Charles Mosley,39,melissamcintosh@example.com,False,BASIC,29.38,2020-10-14,2020-10-07,174.8,"6482 Edward Mill Suite 392
Donaldsonstad, UT 45343",213174154866418.0
1932118,Valerie Conway,34,urobertson@example.net,False,BASIC,,2020-12-17,2020-12-23,104.28,"830 Logan Springs
South Anthonychester, LA 58330",6509302003211862.0
1494140,Peter Dean,38,payala@example.com,False,BASIC,3.93,2020-05-26,2020-05-31,91.06,"662 David Key
Monicaburgh, NM 67532",4869400428622454.0
14672509,Denise Orozco,42,adamslaura@example.net,False,BASIC,4.65,2020-07-04,2020-07-01,107.35,"95517 Moreno Village
East Beverly, MA 80920",676357799581.0
8582676,Jay Phillips,34,nicholas86@example.com,False,BASIC,,2020-04-27,2020-04-09,145.82,"82288 Jonathan Spring Suite 636
Griffinview, FM 37475",4864660678876.0
6558376,Troy Meza,42,kevin21@example.org,False,BASIC,,2020-12-31,2020-12-31,142.17,"57222 Mitchell Terrace Suite 248
West Vickifort, TX 23313",6011206678470318.0
12648465,Anita Brown,37,warnerkristopher@example.org,False,BASIC,0.04,2020-08-17,2020-09-12,89.68,"640 Stewart Plain Suite 593
Darrellburgh, CA 10432",343290286388239.0
2156508,Edward Vega,35,oliviaking@example.org,False,BASIC,40.71,2020-04-14,2020-04-15,110.1,"45077 Campbell Isle
Jasonton, MN 81190",3504143295656899.0
16180767,John Williams,39,bryanphelps@example.net,False,BASIC,16.07,2020-09-27,2020-08-06,84.09,"83827 Thomas Bypass Apt. 311
Schultzton, MD 29901",4806035081294633.0
7098190,James Mckenzie,32,michelewright@example.com,False,BASIC,20.57,2020-02-09,2020-02-01,210.58,"967 Romero Views
New Caitlin, PW 40100",676259230578.0
3758173,Kevin Morgan,28,kyledudley@example.org,False,DELUXE,,2020-12-01,2020-12-19,95.43,"3459 Nichols Curve
Steeleton, FM 53127",4511999833212621.0
11878950,Ashley Higgins,34,helenwilson@example.org,False,BASIC,1.54,2020-08-24,2020-08-01,97.49,"21570 Susan Club Suite 425
Aaronmouth, IL 06934",4.205455583348785e+18
2733315,Susan Hart,35,alvarezalice@example.net,False,DELUXE,16.38,2020-05-28,2020-05-26,86.39,"14946 James Square
East Michael, MH 67454",2346267975235858.0
106598,Angela Morris,35,nkelly@example.com,False,BASIC,0.31,2020-01-22,2020-01-31,100.2,"489 Cesar Drive
West Heatherchester, FL 31037",3599210317245146.0
8268532,Kendra Johnson,49,owallace@example.net,False,BASIC,0.03,2020-01-25,2020-02-05,91.96,"8467 Elizabeth Street
East Carl, SD 03656",503803922270.0
11826828,Chris Townsend,43,donaldsontina@example.com,False,BASIC,12.44,2020-10-04,2020-11-08,84.24,"USS Acevedo
FPO AA 14750",6510124741423378.0
1028004,Michael Perez,33,dmatthews@example.net,False,DELUXE,35.95,2020-11-01,2020-11-02,157.86,"6643 Sean Summit
Terryville, PW 27509",4876654101681.0
6355196,Katie Mcclure,40,michelewalters@example.org,False,BASIC,42.88,2020-04-16,2020-05-07,98.46,"USS Gill
FPO AP 30816",4732021059928351.0
8421358,Brianna Marks,30,egonzales@example.com,True,BASIC,,2020-06-01,2020-05-20,117.93,"14723 John Path
Hallview, SD 81329",4276362451524402.0
15355281,Scott Sanders,31,patrick66@example.com,False,BASIC,15.43,2020-08-15,2020-08-10,261.96,"27956 Stephen Prairie Apt. 212
Port Carolynville, MH 78658",30062636984738.0
14117910,Melinda Joseph,32,lynnjohnson@example.org,False,BASIC,30.29,2020-02-17,2020-02-08,100.97,"3661 Barnes Fields
Moyerton, FM 08428",4104516199997406.0
3126590,Vincent Lewis,37,omartin@example.org,False,BASIC,4.9,2020-08-14,2020-10-01,248.56,"PSC 7293, Box 3378
APO AA 42361",4173301778596895.0
5585612,Nicholas Miller,33,meghanharrington@example.com,False,DELUXE,7.5,2020-06-29,,207.85,"981 Phillips Drive
South Dylanfort, LA 94288",3538912045967354.0
5067855,Alicia Oliver,38,garydavid@example.net,False,BASIC,11.02,2020-11-14,2020-10-17,134.75,"6887 Brown Wall Suite 958
West Jessicaside, WA 44167",60454946728.0
5057895,Richard Olson,32,emily36@example.com,False,SUITE,0.04,2020-05-15,2020-07-28,358.63,"7322 Stevenson Greens
Pearsonfort, IL 85695",2267076798605972.0
8621003,Michael Neal,37,shawn99@example.com,False,BASIC,23.92,2020-08-13,2020-08-27,179.45,"1898 Veronica Parkway Suite 812
West Danielborough, ND 18619",344759871943094.0
8972046,Scott Lopez,38,ihuffman@example.com,False,BASIC,48.12,2020-12-11,2020-12-08,223.86,"4042 Kelly Place Apt. 548
Rebeccaview, DC 64405",4229270440622.0
591359,Daniel Rodriguez,35,hwaller@example.com,False,BASIC,48.12,2020-12-14,2020-12-16,194.28,"198 Owens Crossing Suite 283
Bradymouth, OH 95491",2261754397774631.0
8775454,Karen Romero,45,larsenjessica@example.com,False,BASIC,19.71,2020-04-08,2020-06-08,104.2,"39738 Cruz Road Suite 441
Destinyside, GU 24087",370209167371268.0
107302,Ann Smith,31,romanmonica@example.org,False,BASIC,3.1,2020-04-10,2020-05-17,85.83,"PSC 6782, Box 3051
APO AP 34277",374849441660832.0
9412299,Gregory Pittman,28,steven96@example.org,False,DELUXE,8.98,2020-12-14,2020-12-19,97.66,"0675 Miller Junction Apt. 910
North Brenda, IL 14513",3556369499289529.0
12405501,Andrew Galvan,37,brittneyrose@example.com,False,BASIC,48.12,2020-05-03,2020-04-12,219.7,"PSC 0455, Box 6445
APO AP 35692",4.882837840579152e+18
8307051,Amy Hill,34,katherinewilson@example.com,True,BASIC,0.0,2020-07-26,2020-07-28,97.53,"3409 Douglas Rapids Apt. 194
Matthewmouth, WY 74030",4306950738314169.0
12791673,Jesse Ramirez,40,ramirezroy@example.org,False,BASIC,10.55,2020-12-04,2020-12-24,86.51,"11825 Daniel Mountain
Petersonmouth, KS 49988",3507164879674832.0
16018936,Kendra May,35,patrickangela@example.org,False,BASIC,41.2,2020-05-06,2020-04-04,129.81,"58492 Edwards Expressway Suite 938
Estradachester, AK 74266",4195133835013356.0
14557674,Jessica Harris,37,xknapp@example.com,True,DELUXE,,2020-07-30,2020-07-01,234.72,"11449 Bird Freeway
Thomasmouth, SC 07695",30539840875166.0
8421527,Alan Nelson,38,sandra49@example.org,False,BASIC,2.79,2020-11-12,2020-10-03,92.73,"09628 Victoria Loaf Apt. 403
North Amy, AS 53133",379684855932947.0
12204194,Jimmy Tran,45,elizabeth92@example.org,False,BASIC,39.69,2020-09-23,2020-09-22,198.15,"18015 Mccarthy Garden Suite 514
Port Christophermouth, TX 92469",340031279889053.0
7535095,Leah Obrien,37,williamschristina@example.com,False,BASIC,27.63,2020-08-04,2020-06-29,112.89,"6380 Young Plain Suite 990
East Sara, NV 85238",2253245496280158.0
3460067,Joanna Davis,38,rodriguezmichael@example.net,False,DELUXE,17.71,2020-03-25,2020-04-26,198.99,"28218 Matthew Crescent Apt. 658
West Meganmouth, OK 24317",4165738116380.0
12978683,Kyle Novak,42,ohenderson@example.com,False,BASIC,1.53,2021-01-04,2021-01-04,321.3,"9662 Webster Squares
Mccoymouth, KY 89847",4.950317415992255e+18
12417366,Peter Stout,31,isanchez@example.com,False,BASIC,23.35,2020-10-06,2020-08-26,160.77,"Unit 8090 Box 7443
DPO AE 80253",180059353437765.0
271163,David Pearson,32,owensdavid@example.net,False,BASIC,4.42,2020-10-10,2020-10-29,237.69,"USS Hays
FPO AP 27393",2708721577470612.0
7713265,Rachel Pacheco,31,alexanderevans@example.org,False,BASIC,44.13,2020-04-28,2020-05-08,143.89,"077 Hanson Port Suite 624
West Josephhaven, TX 40347",378780909629207.0
1106062,Gary Jackson,36,iharper@example.net,False,BASIC,26.6,2020-03-20,2020-04-18,141.59,"790 Jacob Station Apt. 170
New Franciscoton, MT 52296",5435222938635731.0
10376619,Gary Williams,43,smithhenry@example.net,False,BASIC,,2020-09-18,2020-09-01,114.86,"726 Diana Isle
Lake Thomas, KY 61607",3587241981528040.0
16314963,Maria Hall,46,amy62@example.org,False,DELUXE,0.85,2020-12-20,2020-12-31,135.85,"Unit 7662 Box 2331
DPO AP 35173",2224118204647834.0
6027106,Melissa Howard,32,amanda10@example.com,False,BASIC,48.12,2020-02-08,2020-02-02,94.13,"50820 Tonya Square
Shafferton, MP 65957",4743260383022799.0
10304083,Edward Stevens,38,emilycurtis@example.org,False,BASIC,,2020-02-04,2020-01-27,136.91,"41455 Bean Avenue
Caseyborough, MD 87403",379847130136523.0
15187479,Kevin Cross,31,hernandeztheresa@example.net,False,DELUXE,3.01,2020-08-29,2020-07-05,146.85,"81197 Kyle Mountains Apt. 061
Williamstown, TX 92505",573998998369.0
4992219,Shannon Knight,34,bettyzuniga@example.org,True,BASIC,0.05,2020-11-13,2020-11-05,113.33,"42851 Patty Meadows
West Timothy, NV 14541",4346206326178.0
12999736,Cynthia Austin,36,erikfisher@example.org,False,BASIC,1.67,2020-12-28,2020-12-27,177.34,"6877 Jose Forest
Bowmanshire, MT 17339",30103175588165.0
11233363,Christopher Le,42,qcook@example.com,False,DELUXE,4.01,2020-08-22,,96.45,"689 Norton Grove Suite 146
New Lukebury, CA 75267",6011279118083868.0
2887950,William Goodman,34,colerobert@example.com,False,BASIC,2.44,2020-01-11,2020-01-11,94.62,"1363 Kent Drive Suite 128
Jonathanmouth, SC 65001",6554430877341301.0
8233450,Julia Wilson,37,deborah80@example.com,False,BASIC,9.55,2020-12-22,2020-12-22,131.44,"69896 Joshua Plaza
Toddborough, MT 22656",3592065350677705.0
16153385,Christopher Wilson,33,margaretperkins@example.net,False,BASIC,,2020-02-16,2020-03-05,252.21,"147 Shelley Estate
Lake Roy, MT 12777",2707086184015171.0
11787594,Carol Taylor,30,coloncatherine@example.net,True,BASIC,,2020-07-18,2020-06-27,85.41,"850 Cook Overpass Apt. 644
Powellmouth, TN 86806",374133372684776.0
7800733,Joshua Peters,35,nwolf@example.com,False,DELUXE,12.28,2020-11-03,2020-10-24,167.32,"663 George Station Suite 346
Danielleton, IA 34698",675937540796.0
10063623,Brian Brown,36,marcusduran@example.net,False,BASIC,2.38,2020-01-25,2020-01-22,100.02,"8440 Brandon Square
Tinahaven, WY 66490",4695651621446.0
6108592,Patrick Wagner,36,bentleyamanda@example.com,False,BASIC,1.21,2020-01-20,2020-01-22,92.63,"9689 Gerald View Apt. 444
Bernardchester, AR 89039",3560828544605447.0
2640139,Deborah Wood,43,natashaanderson@example.com,False,SUITE,17.39,2020-03-24,2020-03-15,211.49,"94009 Christine Drives Apt. 262
Angelaland, WY 23967",4165914718614865.0
7985195,Brandy Dominguez,38,simmonsashley@example.org,False,SUITE,22.55,2020-03-17,2020-04-05,268.1,"8653 Tina Springs Apt. 142
New Richard, ME 14880",4343126895730431.0
284330,Joann Peterson,38,xbaker@example.org,False,DELUXE,20.78,2020-08-26,2020-09-22,236.93,"879 Fitzpatrick Ridges Suite 622
Mariaberg, ID 53614",501841583252.0
7424883,Manuel Hall,36,vreynolds@example.com,False,SUITE,1.93,2020-09-02,2020-08-13,207.54,"6538 David Glen
New Katelyn, DC 47444",213161585954111.0
2803367,Terry Kennedy,36,singletonmegan@example.org,False,BASIC,1.95,2020-11-19,2020-09-14,99.35,"1736 Jesse Bridge Apt. 853
East Lauren, KY 53027",4911144625906.0
12861980,Robert Greer,40,kimberlytran@example.org,False,DELUXE,7.6,2020-05-19,2020-05-03,163.35,"138 Montgomery Prairie
Hilltown, HI 60402",3561736378416857.0
1064752,Sandra Williams,34,andrea02@example.net,False,BASIC,15.07,2020-03-20,2020-03-30,112.24,"2265 Melissa Manor
Rhondaport, MD 71545",4136503239459.0
12339626,Mark Hendricks,42,sarahreed@example.org,False,BASIC,6.86,2020-02-16,2020-02-26,200.56,"004 Jonathan Brooks
Cassidyfurt, ME 67963",371499574379892.0
10984037,Elizabeth Rodriguez,35,andrew74@example.net,False,BASIC,29.1,2020-09-07,2020-08-30,127.98,"13517 Steven Streets
Thomashaven, NJ 90973",3594468926693883.0
3527226,Cindy Stewart,32,kristineschmitt@example.org,False,BASIC,19.44,2020-12-01,2020-11-30,83.91,"545 Sandra Forges Suite 227
Port Davidburgh, FM 44366",5228852604332493.0
6121318,Jeremiah Stephenson,41,wilsonpatricia@example.org,False,BASIC,23.22,2020-04-24,2020-04-27,115.01,"89017 King Brooks
North Nathanielstad, SC 23010",213164485514845.0
1514690,Christopher Owens,30,brennankathy@example.org,False,BASIC,12.62,2020-08-30,2020-09-24,89.33,"1166 Baker Forge Suite 344
Lindachester, MT 88283",4222664449563169.0
526288,Leah Hernandez,36,imcneil@example.org,False,DELUXE,8.11,2020-07-05,2020-06-27,151.88,"USNV Baker
FPO AE 96644",3565259434444579.0
7671972,Jeremy Peters,36,donaldmoran@example.org,False,BASIC,4.85,2020-06-15,2020-05-08,119.72,"8475 Joe Circle Apt. 687
Lake Brittany, KY 78373",4272386193022973.0
5526334,Jacqueline Perkins,39,lonnie61@example.com,True,BASIC,0.15,2020-12-07,2020-11-25,90.25,"3150 Tran Circles Suite 546
Lorishire, NY 26753",6573578930264949.0
3474978,Russell Wilson,29,gruiz@example.org,False,BASIC,10.03,2020-01-22,2020-01-25,86.73,"7954 Newman Underpass
Jacquelinefort, IN 76382",4.230942344076037e+18
12309884,Brad Hall,27,matthewsdavid@example.net,False,SUITE,1.01,2020-11-20,2020-11-10,214.35,"USNS Pope
FPO AA 91866",375230735255614.0
1686896,Andrew Gill,37,cbarron@example.net,False,BASIC,24.19,2020-08-19,2020-09-04,119.15,"9927 Christopher Avenue
South Tiffanytown, WV 62740",2265565303971467.0
8103986,Patrick Schwartz,34,mannrichard@example.org,False,BASIC,4.96,2020-12-20,2020-12-31,146.8,"4974 Rhonda Coves Apt. 559
Elizabethchester, AR 84322",6594053487264945.0
4007898,Jennifer Wood,30,bsmith@example.org,False,BASIC,1.28,2020-02-08,2020-01-29,98.12,"47646 Young Branch Apt. 502
Donnaview, VT 05909",6011212191673347.0
13417115,Heather Smith,28,ksweeney@example.net,False,DELUXE,48.0,2020-04-25,2020-04-01,230.8,"7233 Hopkins Junctions Apt. 564
Port Ritaburgh, FL 70236",213101180794736.0
6016974,Michelle Rivera,41,denise69@example.net,False,SUITE,1.28,2020-07-21,2020-06-25,138.81,"8498 Dunn Underpass Apt. 198
Susanborough, VI 79784",2295895970401371.0
15374061,Ms. Kara Wright,27,reynoldspatrick@example.org,True,SUITE,0.15,2020-07-05,2020-08-12,225.63,"9526 Melinda Branch Suite 583
Skinnerborough, CO 09423",2675839802481300.0
12913270,Keith Lindsey,37,donald09@example.com,False,BASIC,17.29,2020-11-03,2020-11-06,84.52,"01325 Robert Crest
Christinachester, IL 52520",30310680898241.0
5603924,Mr. Bruce Beck,36,lee18@example.com,False,BASIC,15.46,2020-12-22,2020-12-18,92.48,"9852 Natalie Turnpike
Port Joyce, UT 63499",3593880924950043.0
10678102,Denise Snyder,31,thomas30@example.net,False,BASIC,13.23,2020-10-08,2020-09-28,104.74,"PSC 7335, Box 5459
APO AE 25273",4053469322429.0
11535171,Alexander Allen,42,jacksonjennifer@example.org,False,BASIC,21.7,2020-01-27,2020-01-31,84.68,"1930 Ashley Mill
South Bryan, CO 86591",2701049189829281.0
1644726,Christina Stephens,35,james08@example.net,True,DELUXE,0.14,2020-07-14,2020-07-07,232.89,"607 Miller Cove Suite 101
North Christina, AZ 73591",4424156206110.0
12988559,Jerry Potts,30,gwilson@example.net,False,DELUXE,11.58,2020-11-23,2020-11-26,185.39,"58029 Hogan Overpass
Murrayview, MP 63569",676168145511.0
8143268,Arthur Jones,31,colestephen@example.org,False,DELUXE,6.14,2020-01-20,2020-01-18,177.07,"02918 Cummings Islands Apt. 405
North Bethany, WI 99431",4802556185473.0
7838177,Linda Burton,36,joshuadavis@example.com,True,BASIC,11.96,2020-12-30,2021-01-04,216.25,"35565 Beverly Tunnel
Port Ann, HI 90490",6011209263343114.0
1610914,Nicholas Meyer,34,brianarobinson@example.org,True,DELUXE,0.15,2020-03-26,2020-04-16,301.27,"PSC 5212, Box 1035
APO AP 93662",4669057558529172.0
10199947,Tamara Daniels,34,ejordan@example.org,False,BASIC,36.31,2020-05-18,2020-05-11,103.47,"30428 Sheri Wall Apt. 502
East Austinbury, TX 89095",4248856335458039.0
13286081,Jackie Parker,33,ucurtis@example.org,False,DELUXE,9.8,2020-07-13,2020-07-13,111.66,"474 Christina Parks Suite 890
Robertsland, NJ 72397",6545909748908077.0
6536072,Michael Parrish,38,wmills@example.com,False,SUITE,0.47,2020-10-29,2020-11-07,126.43,"31398 Rodriguez Heights Suite 829
Bradyberg, NM 46128",30593523130852.0
14991395,Elizabeth Johnson,35,taylorlewis@example.org,False,BASIC,17.94,2020-08-14,2020-09-29,85.04,"Unit 2102 Box 1114
DPO AE 57985",4994614390786257.0
12142849,Leroy Nelson,39,orodriguez@example.org,False,BASIC,0.69,2020-08-07,2020-06-04,90.97,"00923 Lopez Drive
Fullerland, MI 02985",4.5320983022123535e+18
12370654,Jaime Ortiz,43,hector56@example.com,True,BASIC,16.81,2020-08-08,2020-09-28,151.95,"USCGC Crawford
FPO AA 55840",180082536167067.0
5142308,George Cole,34,vincenthamilton@example.net,True,BASIC,1.82,2020-07-27,2020-08-17,125.27,"9282 Stewart Burg Suite 191
West Angela, MN 16233",4991677216081297.0
10583353,Steven Tran,45,durhamamanda@example.net,False,DELUXE,2.83,2020-01-06,2020-01-09,85.7,"2818 Leah Plains
Thomasberg, AS 15443",501808951849.0
1615074,Angela Davila,36,longgloria@example.net,False,BASIC,48.12,2020-04-22,2020-06-03,84.64,"1454 Annette Viaduct Suite 275
New Jasonton, RI 43430",5103768570395662.0
196291,Laura Vaughn,32,laurabarber@example.net,False,BASIC,41.28,2020-09-10,2020-09-29,90.03,"173 Evan Throughway Apt. 887
Dayburgh, VI 48475",5178978542388501.0
9519529,Regina Montoya,27,teresajones@example.com,True,BASIC,5.37,2020-12-23,2020-12-03,88.55,"10925 Max Hill
Lake Jonland, WA 79419",376095084393723.0
1398095,Barbara Green,34,omoss@example.com,True,BASIC,0.0,2020-08-19,2020-09-27,119.85,"271 Bennett Locks
Robertborough, OK 32351",4.803143669312623e+18
9482191,Francisco Powell,36,beltranelizabeth@example.com,False,BASIC,5.67,2020-02-15,2020-02-19,187.94,"7579 Lisa Groves Apt. 800
Randallbury, SD 73145",36434597599157.0
6515752,Mark Chandler,38,autumn41@example.com,False,BASIC,11.45,2020-09-04,,99.82,"32635 Sharon Track Apt. 798
Wheelerview, MO 97295",4088256997410407.0
1607814,Michael Phillips,39,rachel49@example.net,False,BASIC,24.77,2020-06-11,2020-05-01,93.28,"Unit 6783 Box 5582
DPO AA 95003",30004863730632.0
5901781,Valerie Valdez,40,feliciamedina@example.net,False,BASIC,7.69,2020-03-24,2020-04-17,251.18,"PSC 9507, Box 9129
APO AE 59047",4743934844432793.0
11375736,Veronica Mitchell,33,carpenterdonald@example.com,False,BASIC,4.04,2020-12-22,2020-12-21,121.83,"571 Long Locks Apt. 839
South Rebeccaport, AS 73927",4430687440755.0
10593053,Kimberly Peters,37,valenciacatherine@example.com,False,BASIC,8.98,2020-09-02,2020-07-18,88.12,"4161 Stevens Stravenue
Taylorhaven, PW 61543",3538002895217603.0
1602962,Erin Williams,37,aray@example.com,False,BASIC,15.05,2020-06-27,,185.16,"18057 Knight Loop Apt. 849
Lake John, VA 41472",180091382304161.0
8799617,Toni Logan,30,jasmine35@example.com,False,BASIC,44.16,2020-07-14,,128.44,"39102 Boyer Unions Suite 537
Briantown, ID 19462",6525534536662399.0
15441692,Donald Richard,40,johnstonmary@example.net,False,BASIC,9.52,2020-08-07,2020-08-16,109.57,"95606 Moreno Rapids
Hernandezview, OH 41238",30195087869246.0
4684547,Dr. Jerry Bennett,30,vcrane@example.com,False,BASIC,20.87,2020-07-16,2020-07-13,120.98,"0640 Julia Fork
Lopezside, GU 96563",2270400982975816.0
16708897,Daniel Mcbride,37,xsmith@example.org,False,DELUXE,40.46,2020-02-13,2020-03-17,104.57,"48757 Brown Square Apt. 726
Rushchester, WI 76222",378596955257440.0
13202704,Nancy Mcintyre,37,david04@example.com,False,BASIC,,2020-07-25,2020-09-29,149.7,"2109 Michael Valley Apt. 543
South Amandachester, OR 98698",503866349494.0
13358453,Brenda Sexton,39,kyle22@example.org,False,BASIC,0.02,2020-09-15,2020-10-11,98.89,"1845 Oneal Hill
East Nicholas, UT 72909",346337510454597.0
15029480,Marvin Rice,38,hebertaaron@example.net,False,BASIC,10.4,2020-02-13,2020-02-08,121.23,"098 Rebecca Streets
Port Larry, OK 86483",4684072556902.0
13102977,Tanner White,35,sarah11@example.net,False,BASIC,19.54,2020-09-12,,104.27,"732 Teresa Extensions
Port Amberview, FL 97233",375707459364466.0
8208339,Brittney Smith,41,peterhoffman@example.com,False,DELUXE,48.12,2020-07-24,2020-07-20,145.19,"254 Leslie Point
Port Dylanbury, WA 43873",3522577190229948.0
10475662,Kevin Sullivan,45,vcox@example.org,False,BASIC,14.59,2020-12-17,2020-12-28,165.96,"50793 Dylan Mountains
South Samanthaside, VT 55904",4806373811045110.0
3401537,Michael Mayo,47,denisenelson@example.com,False,BASIC,21.77,2020-11-01,2020-10-17,83.83,"54879 Frey Roads
Riceshire, DC 52874",346699090293509.0
12441847,Erin Joseph,38,mitchellvictor@example.com,True,BASIC,0.03,2020-12-29,2020-12-15,213.87,"834 Kim Junctions
Bowenhaven, CO 25233",570473041152.0
11066016,Jeffrey Franco,31,lauren41@example.com,False,BASIC,19.15,2020-12-06,2020-12-25,85.25,"0435 Charles Prairie Apt. 345
Lake Christine, CA 83984",4.832784838886168e+18
14005156,Kylie Butler,30,smithpatty@example.org,False,BASIC,48.12,2020-04-15,2020-04-20,88.11,"351 Tiffany Route
North Caleb, FM 22975",3597493751896887.0
7694689,Kathy Miller,33,raymond78@example.org,False,BASIC,0.3,2020-05-08,2020-05-22,101.83,"6238 Kristy Corners
Kyleton, VT 92393",341573424847022.0
12234073,Kenneth Prince,36,kjones@example.org,False,BASIC,2.31,2020-02-23,2020-02-02,105.22,"359 Mendez Isle Apt. 001
Andreastad, CA 26962",2698341375098267.0
13020503,Justin Orr,31,lynnyoung@example.org,False,BASIC,43.74,2020-06-21,2020-07-09,88.88,"58634 Jeffery Flat
New Allenmouth, LA 78920",3599766956271040.0
4905355,Debra George,36,xmccarthy@example.org,False,BASIC,24.86,2020-02-06,2020-03-14,119.37,"859 Jones Pass Suite 844
Stevenland, TN 60007",502026560693.0
4107301,Nicholas Greer,32,jimmy72@example.net,False,DELUXE,48.12,2020-06-24,,169.24,"1307 Barajas Corner
New Kathryntown, AZ 16377",4834822336325.0
5147595,Tiffany Grant,30,gregoryjarvis@example.net,False,BASIC,0.32,2020-03-31,2020-03-21,84.38,"505 Katie Place Apt. 987
New Jasminefort, IN 13358",4195643234240830.0
10879844,Peter Jones,42,hudsondavid@example.org,False,BASIC,3.24,2020-06-04,2020-06-28,295.94,"0531 Christine Parks Suite 065
West Amy, WI 96957",4.629120211823885e+18
10851358,Dana Allen,38,ljones@example.net,False,BASIC,9.92,2020-03-10,2020-03-28,132.11,"9619 Oconnor Island
South Davidstad, NY 20203",38506968748006.0
11910487,Karen Chavez,32,shawn44@example.org,False,BASIC,48.12,2020-10-13,2020-11-14,108.19,"04108 Fernandez Dam Apt. 075
Anthonyland, IN 32676",4455602411200236.0
12618703,Ryan Haney,36,lopezsarah@example.org,False,DELUXE,15.03,2020-12-26,2020-12-28,289.73,"720 Rodriguez Keys
South Jennifer, MT 23861",2235273596802468.0
5291598,Christian Williams,46,williamcurry@example.org,True,SUITE,0.04,2020-08-04,2020-09-17,246.21,"115 Jones Squares Apt. 556
Smithchester, GU 44403",60430101620.0
12463826,Kim Mitchell,34,sgray@example.net,True,BASIC,10.67,2020-07-09,2020-05-14,98.45,"921 Medina Plaza Suite 730
Lake Anthonyshire, PR 39977",377455352222641.0
13687847,Morgan Wilson,44,oconnellcatherine@example.org,False,BASIC,23.43,2020-12-18,2020-12-25,94.21,"013 Allison Way
East Heidifurt, ND 36432",569968588776.0
8190275,Jennifer Howard,33,kellerelizabeth@example.com,False,BASIC,29.61,2020-09-12,2020-11-14,134.77,"3959 Ronald Prairie
West Georgeberg, KY 61511",3563829513411780.0
16723720,Sherry Sexton,35,zjames@example.org,False,BASIC,48.12,2020-10-30,2020-11-27,105.69,"8119 Munoz Drive Apt. 410
Shannonberg, NY 58651",36903549339946.0
4930834,Casey Perry,36,jameshenry@example.com,True,SUITE,0.08,2020-09-29,2020-08-13,243.81,"093 James Loop
South Eric, MA 77255",676153609281.0
6069627,Patricia Mitchell,37,jillianwilliams@example.net,False,BASIC,10.48,2020-02-12,2020-03-15,87.55,"14380 Jacob Harbors
Lake Kimberlyview, LA 39647",4513050012746365.0
4180,Ryan Robinson,36,beasleyjillian@example.org,True,BASIC,25.92,2020-03-28,2020-05-02,107.68,"48789 Bernard Route
North Jennifer, NM 37237",4319771870466.0
14914775,Jean Manning,37,nsaunders@example.com,False,BASIC,38.21,2020-07-11,2020-07-07,183.44,"8205 Joseph Station Apt. 284
South Elizabeth, MO 49537",6011277193404744.0
11282259,Alexander Gillespie,34,edwin11@example.com,False,SUITE,11.51,2020-08-18,2020-06-23,209.05,"4913 Melody Brooks
West Jonathan, CA 30729",676193350417.0
6144430,Angela Murphy,33,reedjennifer@example.org,False,SUITE,9.07,2020-07-09,2020-08-21,253.01,"4578 Megan Ways Apt. 425
Patrickstad, AS 85954",4723681489199526.0
8238515,Alexis Henderson,30,ryan15@example.org,False,BASIC,1.48,2020-10-21,2020-09-11,134.7,"8252 Matthew Stravenue Suite 152
Vasquezmouth, FM 53453",4919794196457535.0
2669812,Megan Craig,37,stevenirwin@example.com,False,BASIC,1.26,2020-09-11,2020-10-27,195.27,"1603 Ross Port
North Maryland, OK 05883",4.330158031251142e+18
9883815,William Long,35,wmiller@example.net,False,BASIC,17.35,2020-10-08,2020-10-29,91.13,"3616 Smith Brooks
New Sarachester, SD 23352",4.268538854111636e+18
4856659,John Johnson,36,ashleyrivera@example.org,False,BASIC,48.12,2020-09-29,2020-09-27,171.6,"40317 Anderson Grove
Adambury, OH 90529",4806882802555879.0
15405581,Sarah Thompson,36,fadkins@example.org,False,BASIC,5.94,2020-07-14,2020-06-23,83.81,"934 Roach Point Suite 507
Rodriguezberg, KY 78686",2221460211483933.0
13110406,Tracy Clark,37,josephwalker@example.org,False,DELUXE,42.94,2020-01-26,2020-02-15,127.14,"846 Charlene Groves
South Nicolestad, GU 51879",4307426188563604.0
9306329,Bruce Bryan,43,johnathannewman@example.com,False,DELUXE,0.03,2020-12-08,2020-12-18,85.4,"075 Travis Stravenue
Lake Debbie, WI 09844",4473832070705.0
2084573,Lisa Charles,33,charlesemily@example.org,False,BASIC,1.68,2020-06-06,2020-05-20,85.07,"Unit 5140 Box 9455
DPO AA 32867",2274786697522356.0
14402922,Michael Long,37,huangpatrick@example.net,False,BASIC,46.02,2020-11-07,2020-11-26,84.51,"754 Aaron Forge
Collierberg, MN 52960",4.000295932986443e+18
11476948,Daryl Smith DDS,32,ggonzalez@example.org,False,BASIC,0.03,2020-08-07,2020-09-05,132.32,"030 Mcdonald Place Apt. 557
Cheyennemouth, OH 89449",2700745658971303.0
4317004,Sandra Fisher,35,icameron@example.org,False,BASIC,,2020-06-14,2020-05-17,116.93,"005 Graves Views
Brightside, GU 61662",344928755749055.0
7522678,John Hogan,41,allen45@example.net,False,BASIC,5.11,2020-04-17,2020-03-24,265.28,"065 Mccarthy Drive Apt. 821
New Victoria, NH 10405",180075344528900.0
4593568,Amy Phillips,32,robertpope@example.org,False,BASIC,29.25,2020-03-21,2020-03-17,90.68,"5759 Danielle Groves
Patriciaville, CA 98274",4751876963233438.0
10517700,Jennifer Yates,32,reginajohnston@example.net,False,BASIC,16.21,2020-10-18,2020-10-30,196.33,"2452 Susan Neck
Saraberg, CT 43670",4609313456885.0
8828653,Amanda Washington,34,tdaniels@example.com,False,BASIC,,2020-08-22,2020-08-05,241.48,"70056 Stewart Rue Apt. 274
South Davidville, NC 41739",180026259373741.0
10469397,Tina Ryan,36,kristenmassey@example.com,False,DELUXE,,2020-12-08,2020-12-17,191.92,"058 Donna Forest
Barrettstad, DC 38677",180095328267481.0
6967078,Jacob Davis,27,batestimothy@example.org,False,SUITE,6.54,2020-07-02,2020-05-30,379.58,"0726 Ferguson Crest Apt. 219
Amyview, WI 04943",4557280160412.0
3329897,Tina Hernandez,34,abigailmata@example.org,False,BASIC,12.88,2020-06-30,2020-06-09,184.16,"127 William Parkway
North Donaldstad, IN 37370",343664344064059.0
11446898,Karen Francis,35,blairjaime@example.net,True,BASIC,0.23,2020-06-17,2020-06-22,106.02,"459 Stewart Valley
North Stephen, GA 04236",2221719371438825.0
10645106,Joshua Palmer,26,karensullivan@example.net,False,BASIC,0.13,2020-04-24,2020-04-19,150.72,"Unit 3220 Box 6085
DPO AP 56069",4.3241184573798666e+18
3376978,Tammy Benson,34,qrodriguez@example.org,False,BASIC,0.81,2020-06-12,2020-05-12,136.79,"2498 Richard Grove Apt. 509
Brittanymouth, SD 54051",3502420318434633.0
9082823,Jose Wang,39,muellerdaniel@example.net,False,BASIC,8.76,2020-12-25,2021-01-01,103.62,"62440 Kaitlyn Mountain Apt. 360
New Nancyburgh, CT 02440",3574338126612245.0
2230641,Dana Maldonado,37,matthewrogers@example.org,False,BASIC,36.36,2020-10-26,2020-09-11,123.36,"84987 Jacob Fields
South Crystal, MN 35610",676382086582.0
4739552,Daniel Cruz,34,prios@example.org,False,BASIC,48.12,2020-04-27,2020-04-18,129.86,"8085 Maria Burg Suite 705
Matthewsburgh, OR 89351",4427490120244.0
9366586,Trevor Jenkins,32,glenn22@example.com,False,BASIC,16.89,2020-05-20,2020-03-26,93.32,"7892 Victoria Lock Suite 397
Emilychester, NH 81383",4915136992659696.0
4485054,Megan Brown,35,ingramemily@example.net,False,BASIC,3.21,2020-07-02,2020-08-23,275.68,"3186 Bridges Pass Suite 958
Callahanland, MT 60127",3580303246379887.0
2289986,Jacob Parker,42,stephanie76@example.org,False,BASIC,41.1,2020-12-02,2020-12-18,131.26,"5064 Carter Forge
Sharonstad, IL 08635",4.948431110293285e+18
12966224,Judy Walter,35,lewisamanda@example.org,False,BASIC,2.34,2020-03-12,2020-03-21,94.72,"82356 Jonathan Station
Port Ericaberg, WV 37556",213142906155711.0
9489741,Kimberly Ortiz,41,allison28@example.net,False,BASIC,45.13,2020-12-23,2020-12-28,246.8,"39843 Burke Greens
Josephmouth, WI 24801",377140454096883.0
6151281,Jessica Ball,43,robertmills@example.net,False,BASIC,4.3,2020-07-09,2020-08-07,89.47,"4075 Palmer Pass
South Peter, NH 59121",2374374846590118.0
14507614,Christian Lewis,37,robleswillie@example.com,False,DELUXE,27.29,2020-03-28,2020-04-13,165.18,"28274 Kevin Divide Suite 527
Nicholsberg, MI 74155",180032026774617.0
8377462,Joseph Barnett,33,spencejohn@example.org,False,BASIC,2.2,2020-07-11,2020-06-01,98.11,"29559 Moran Meadow
Melaniemouth, KY 17413",3588376845582384.0
12103022,Laura Martin,36,lisa61@example.com,False,BASIC,16.78,2020-03-03,2020-03-13,87.05,"659 Brett Shoals Suite 282
North Brookefurt, CA 96543",501811425617.0
9384554,Shane Morgan,32,oscar50@example.org,False,BASIC,48.12,2020-04-11,2020-04-09,135.74,"5120 Jennifer Spur Suite 514
Elizabethhaven, VA 57185",370525445813726.0
6372465,Aaron Peters,36,martinsamuel@example.org,False,BASIC,14.37,2020-06-02,2020-06-06,181.89,"92192 Beck Courts Suite 760
Robinsonside, GA 65170",213114993819533.0
1718607,Dr. Philip Hancock,31,grantdeborah@example.com,False,BASIC,48.12,2020-06-09,2020-03-28,337.4,"28990 William Skyway
Port Elizabeth, SC 40023",30142576817682.0
8918048,James Kelly,29,jeffrey21@example.org,True,BASIC,6.69,2020-12-26,2020-12-11,92.97,"03840 Franklin Brooks
New Kristinaton, GU 41875",4777416567012340.0
6202265,Jennifer Simpson,34,murraymelissa@example.com,False,BASIC,8.99,2021-01-06,2021-01-07,157.29,"5151 Salazar Viaduct Suite 058
East Vanessafort, TX 65906",562740503106.0
6345357,Brandon Carr,34,andrewgeorge@example.net,False,BASIC,6.3,2020-08-29,2020-06-30,103.92,"60196 Walker Causeway Suite 213
North Stacymouth, KS 32144",180067555733295.0
497022,William Lee,33,aadams@example.com,False,BASIC,17.91,2020-10-13,2020-10-20,100.32,"USNS Davidson
FPO AP 94664",4572874083698.0
14914618,Jonathan Walker,41,dwilliams@example.net,True,BASIC,,2020-09-05,2020-07-18,118.09,"794 Calvin Plain
Port Jonathan, MA 85636",213114119255976.0
16318500,Wesley Payne,32,johnsonbenjamin@example.net,False,BASIC,6.19,2020-01-30,2020-01-31,251.43,"USNV Waller
FPO AP 68193",4162865982312383.0
8734174,Debbie Lopez,35,jessicawright@example.com,False,DELUXE,12.33,2020-12-14,,340.92,"740 Kevin Heights
Port Tamaraberg, NV 62190",180056064184090.0
7361347,Dennis Garner,35,johnsonmary@example.net,False,BASIC,45.05,2020-02-01,2020-01-25,140.53,"717 Ramirez Crest Apt. 738
West Michaelport, MP 73481",4446486905624.0
7821482,Tyler Santos,31,melissawilliams@example.net,False,BASIC,4.12,2020-11-14,2020-11-20,153.79,"85518 Corey Hill Apt. 981
West Andrewfort, NH 42702",346831822383825.0
10161185,Megan Armstrong,38,mackcrystal@example.net,False,BASIC,45.48,2020-04-24,2020-04-09,92.26,"346 Rebecca Stravenue
Lake Taylorfort, DE 68283",38495477216426.0
2485479,Jason Romero,33,daniel67@example.net,True,DELUXE,1.83,2020-10-19,,144.87,"22276 Smith Shores
South James, MS 07170",4209230886684.0
565366,Lisa Chavez,30,lisa72@example.org,False,DELUXE,24.44,2020-01-30,2020-01-26,120.5,"09909 Rose Ports
Lisaberg, KS 87389",213153725183180.0
12723275,Jonathan Gray,33,orrsusan@example.org,False,BASIC,5.15,2020-01-08,2020-01-07,85.44,"26864 Reyes Shore Suite 503
Lake Markport, MA 59014",4.69325788246578e+18
10717549,Robert Kelly,41,bryanwong@example.com,True,DELUXE,9.3,2020-08-01,2020-07-19,138.13,"212 Janice Spring Suite 873
New Evan, DC 37599",30375068148964.0
14098384,Francisco Charles,39,browntiffany@example.net,False,BASIC,18.99,2020-09-09,2020-08-08,194.2,"338 Wendy Fork
Ramosland, GU 75992",6011723207490021.0
7007530,Christopher Bauer,38,jason33@example.org,False,BASIC,2.95,2020-03-15,2020-03-25,242.47,"USNV Juarez
FPO AP 54875",6011394377381745.0
7870418,Robert Mason,32,rachel98@example.com,False,DELUXE,26.85,2020-08-31,2020-09-17,276.71,"Unit 2276 Box 3504
DPO AA 05306",4366756331431178.0
5273479,Isaac Kemp,31,john87@example.com,False,BASIC,45.07,2020-10-14,2020-10-18,104.42,"415 Rogers Ports
Lake Kristina, FM 51757",4823624900693.0
14767998,Lori Martin,32,xkelley@example.net,False,BASIC,0.98,2020-07-14,2020-08-26,87.24,"990 Smith Coves Suite 214
Port Brandibury, CT 35606",30052570410899.0
5260049,Rhonda Hill,41,paynescott@example.net,False,BASIC,37.75,2020-09-07,2020-09-14,211.7,"61103 Bowman Fork Suite 275
North Michealchester, TN 34915",341462552090482.0
5020909,Mr. Jeffrey Young,27,whiteanne@example.net,False,BASIC,0.74,2020-04-13,2020-04-09,126.05,"76290 Marquez Grove Apt. 105
Watersport, MA 21841",30340007331030.0
11386974,Sandra Martinez,36,oglass@example.net,False,BASIC,7.96,2020-03-28,2020-06-08,98.97,"PSC 8119, Box 1341
APO AP 20384",180077738645316.0
11652039,Heather Lambert,36,maria89@example.net,False,BASIC,1.17,2020-02-19,2020-03-03,100.27,"32098 David Mews Apt. 138
Nicoleshire, FM 23917",348579520629290.0
10286232,Patricia Stevenson,32,dennisbennett@example.net,False,BASIC,6.41,2020-05-12,2020-06-07,85.53,"70837 Murphy Harbor Apt. 980
Tylerfort, RI 85196",4281501073132218.0
15159750,Jean Butler,33,gwalton@example.com,True,BASIC,0.19,2020-04-15,2020-04-10,181.1,"25450 Daniel Wells Apt. 430
North Justinchester, NE 52380",30579645493625.0
10103880,Jessica Reed,37,amy89@example.com,True,DELUXE,0.2,2020-07-22,2020-07-21,204.66,"40632 Matthew Flats
Evansberg, RI 75001",30441712759315.0
954142,Jason Keith,29,ugates@example.net,False,DELUXE,25.26,2020-10-08,2020-09-26,181.96,"5563 Davis Springs
New Grace, AK 72574",503865728920.0
16265159,Katherine Stuart,28,kenneth17@example.org,False,BASIC,0.65,2020-03-06,2020-02-19,191.75,"8595 Daugherty Knolls Apt. 474
Jonesfurt, NV 07669",4382214832777830.0
14049408,Michael Lopez,33,timothyhansen@example.net,False,BASIC,12.8,2020-11-25,2020-12-10,109.05,"1155 Michael Plaza
Lake Hannah, MA 71002",6566446998794885.0
9470524,Robert Peterson,30,edickerson@example.org,False,BASIC,8.09,2020-08-08,2020-09-11,93.31,"5320 Alexander Light Apt. 471
Port Kenneth, KY 27736",4458445928427794.0
5011285,Katherine Hall,34,kennethlara@example.net,False,BASIC,,2020-09-18,2020-09-30,84.21,"4350 Bryan Rapid
Toddport, AZ 70704",3504127816357715.0
9434867,Marie Dunn,37,robert41@example.net,False,BASIC,21.94,2020-08-11,2020-08-06,122.93,"44402 Luna Greens
Port Miranda, IN 87179",2240119892350145.0
5322482,Troy Conner,28,david65@example.org,False,BASIC,21.66,2020-11-24,,223.68,"0505 Kristin Crossing Apt. 761
Ruizport, PR 41933",213170807130848.0
12437097,Jennifer Neal,29,jaclyn28@example.com,False,BASIC,14.22,2020-02-15,2020-02-21,313.7,"45339 Hanson Pine Apt. 295
Port Michael, ME 41963",6011648514581602.0
3311108,Ryan Jackson,43,owright@example.com,False,BASIC,3.71,2020-03-21,2020-03-30,112.94,"621 Joshua Forks Suite 128
North Adammouth, SD 64236",3529973559751593.0
4847261,Brad Bowers,32,johnsonsteven@example.net,False,SUITE,8.64,2020-04-17,2020-04-06,187.68,"331 Wayne Expressway Apt. 537
Gregoryborough, MS 41509",6011298209891617.0
4771524,Beth Mckenzie,37,jill26@example.org,False,BASIC,0.72,2020-07-14,2020-07-07,131.7,"30145 Mcpherson Stream
Martinezfurt, NY 08630",371813968314424.0
6308456,Linda Herrera,43,diaztheresa@example.net,False,BASIC,26.97,2020-12-23,2020-12-28,93.65,"USNV Hayes
FPO AA 26807",3539631655842967.0
11006425,Valerie Lynch,42,ahall@example.com,False,BASIC,2.69,2020-12-09,2020-11-22,136.37,"USNV Martin
FPO AE 25231",502089690346.0
12491192,Lori Hanson,45,ysmith@example.com,False,DELUXE,48.12,2020-09-26,2020-09-29,226.29,"03905 Eric Hollow Suite 832
Wagnerfort, GU 20441",4881883592395.0
7051342,Luis Smith,38,montoyarobert@example.com,False,BASIC,12.33,2020-11-25,2020-12-09,153.4,"4852 Roberts Manors
Joneschester, GU 53410",6525270657077550.0
7820574,Zachary Silva,41,julia69@example.net,False,SUITE,8.29,2020-01-30,2020-02-04,219.97,"805 Kelly Grove Suite 865
Ryanville, WI 43130",4101390390145303.0
15231451,Felicia Kerr,41,scottbrandon@example.com,False,BASIC,37.31,2020-11-03,,148.73,"95617 Amanda Locks
Wilsonmouth, MA 42447",676170728064.0
8990266,Ashley Williams,52,gmeyers@example.org,True,DELUXE,0.14,2020-01-23,2020-01-16,102.97,"99623 Alvarado Cliffs Apt. 595
Port Bobby, NE 85524",675980780810.0
2629850,Brandon Russell DDS,26,mooneypatty@example.org,False,BASIC,27.06,2020-10-23,2020-10-25,147.25,"2615 Courtney Radial Apt. 552
Port Douglas, MP 18478",6011850138515012.0
8585346,Austin Cummings,32,jessica33@example.org,False,BASIC,47.81,2020-06-10,2020-04-24,133.51,"PSC 0836, Box 0378
APO AP 49860",4517482258216.0
1251944,Michael Harper,40,john29@example.net,False,BASIC,7.02,2020-10-04,2020-10-22,164.74,"837 Billy Flat Apt. 683
Joshuatown, CO 97657",2228102858138338.0
10576746,Darlene Hicks,35,tyang@example.org,False,BASIC,8.41,2020-11-06,2020-10-27,101.16,"2420 Leon Islands Apt. 844
Heathfurt, NJ 31463",3553397743237898.0
14981254,Stacy Smith,38,mendezscott@example.org,False,DELUXE,24.98,2020-01-09,,167.3,"228 Kirk Springs
Whiteport, MH 54900",4193304141520127.0
4295071,Veronica Moore,30,tylerwilliams@example.org,False,BASIC,25.07,2020-12-15,2020-12-05,104.85,"14973 Danny Row Suite 645
South Kelly, VI 37511",6520541935530577.0
5693844,Shawn Gilbert,36,mcknightstephanie@example.net,False,BASIC,28.79,2020-09-17,,110.44,"78039 Joseph Forges
East Peterburgh, WI 93844",4634149460394498.0
8415256,Julia Hopkins,34,mmiller@example.com,True,BASIC,2.01,2020-03-05,2020-03-22,141.96,"80849 Hahn Union Apt. 570
Lake Robin, NJ 87304",676364925070.0
1752459,Donald Schmidt,41,campbellaaron@example.com,False,DELUXE,24.84,2020-03-30,2020-03-09,222.35,"792 Amy View
Vincentport, ND 56375",180094677138674.0
8791730,Julie Thomas,32,creid@example.org,False,BASIC,15.63,2020-08-29,2020-06-30,106.29,"90791 Eric Neck
Port Bradley, AR 09329",3506943160093781.0
2019971,Jennifer Adams,38,ilewis@example.org,False,BASIC,,2020-11-27,2020-11-14,125.38,"Unit 3224 Box 2658
DPO AA 06392",4780378235356373.0
12133694,Kyle Smith,42,johnsilva@example.org,False,DELUXE,0.33,2020-11-20,2020-11-24,135.21,"04891 Cochran Springs Suite 605
Lindabury, NY 87804",372973997373608.0
16750024,Suzanne Kelley,33,calderonallen@example.net,False,BASIC,23.34,2020-08-10,2020-07-28,131.23,"13470 Freeman Roads Apt. 933
North Jennifer, WI 55570",4760936484438194.0
9309067,Mark Allen,44,qwebster@example.net,False,DELUXE,6.18,2020-11-18,2020-10-24,166.9,"92711 Skinner Vista Apt. 004
North Kelly, ME 38822",4088285439140140.0
4334506,Anna Farrell,45,espinozaricky@example.net,False,BASIC,,2020-11-15,2020-10-15,204.79,"2472 Kidd Radial
Heidiburgh, MD 42941",180066478447504.0
13406247,Brent Mccall,41,sheltonkyle@example.net,False,BASIC,3.8,2021-01-06,2021-01-07,208.12,"205 Timothy Islands
Port Heather, VA 77795",180045392004641.0
1794392,Chase Gonzales,28,jsmith@example.org,False,BASIC,30.21,2020-05-28,2020-05-21,89.9,"7644 Megan Dale
Karenville, NC 56552",347907986324091.0
2774051,Jacob Peterson,41,andrewhill@example.net,True,BASIC,5.96,2020-10-27,2020-09-02,223.67,"4216 Emily Estates Suite 948
Port Nicholas, OH 41723",4789708872891723.0
6972114,Logan Gilbert,42,gosborn@example.com,False,BASIC,6.06,2020-12-12,2020-12-15,85.16,"149 Jenkins Ferry
Angelaburgh, SD 39275",4627358653960960.0
2151276,Jamie Fisher,37,edward52@example.org,False,BASIC,0.24,2020-05-05,2020-07-09,104.91,"29657 Jessica Orchard Apt. 919
North Greggside, AR 22437",567611783083.0
9682796,Veronica Mcfarland,36,simpsonwilliam@example.org,False,BASIC,25.93,2020-09-12,2020-10-10,227.56,"USNS Knight
FPO AE 98187",343995739767587.0
6201724,Michelle Moss,41,castillomaria@example.com,False,BASIC,12.06,2020-05-03,2020-04-19,137.79,"5744 Summers Rue
Marctown, GA 43494",4773634311946.0
3551443,Lori Zhang,39,sandrachavez@example.net,False,BASIC,9.95,2020-04-30,2020-04-04,108.37,"Unit 3266 Box 5165
DPO AE 96540",676316828422.0
1929145,Tracy Hughes,33,rosariodan@example.net,True,BASIC,0.0,2020-11-29,2020-12-02,88.42,"759 Wanda Mission Apt. 190
West Justin, ME 60826",4667810193449624.0
14116547,Desiree Edwards,41,gomezelizabeth@example.org,False,DELUXE,,2020-02-28,,91.37,"14131 Brown Ports Suite 730
East Danielmouth, OH 04076",3598411943933888.0
15033432,Joseph Russo,45,warrenpatricia@example.org,False,BASIC,48.12,2020-03-25,2020-03-04,86.47,"312 Melinda Mills Apt. 648
Lake Angelaland, ND 04054",4503328749532056.0
9360221,Scott Reyes,33,ycabrera@example.net,False,BASIC,5.55,2020-09-25,2020-09-18,120.72,"9632 Mcdaniel Trafficway Apt. 046
Pittmanberg, PR 14794",4088549737301328.0
7700052,William Tyler,37,heidi58@example.com,False,BASIC,24.65,2020-01-29,2020-03-05,84.13,"915 Jenna Via
Walkerfurt, PR 94184",374943390352143.0
9265147,Bryan Lopez,34,cbruce@example.com,False,BASIC,5.27,2020-08-28,2020-10-15,88.19,"561 Sophia Dale Apt. 994
New Jason, IN 13137",30530742893001.0
16085753,Kurt Norris,39,ogarcia@example.net,False,BASIC,0.55,2020-08-20,2020-07-07,91.97,"31840 Taylor Trail Apt. 414
Burchland, MA 71046",379055690423295.0
7929907,Corey Gonzalez,33,brendabarrett@example.com,False,BASIC,48.12,2020-09-17,2020-09-16,96.71,"9222 Cole Bridge Apt. 249
New Mollybury, AZ 49167",2716115529712850.0
2921065,Chelsea Lindsey,35,jamie94@example.com,False,DELUXE,0.45,2020-09-02,2020-09-13,136.07,"826 Kayla Crossroad
New Michael, GU 15528",30530115221160.0
9683490,Melissa Reed,34,ballardcourtney@example.com,False,BASIC,48.12,2020-11-20,2020-09-30,282.34,"183 Teresa Port
Taylorport, MI 14920",5183231630823952.0
3333259,Alexander Harrison,34,kennedybryan@example.org,False,BASIC,1.86,2020-07-07,2020-07-20,85.49,"619 Renee Point Apt. 408
Joneshaven, VT 36214",378412770250398.0
4395602,James Robertson,42,lcarey@example.org,True,BASIC,0.02,2020-11-12,2020-10-24,139.9,"0239 Wilson Burgs
Hubbardfurt, AZ 56243",2269467485351079.0
10367346,Heather Davis,33,ggregory@example.com,False,BASIC,14.64,2020-10-27,2020-10-18,157.36,"887 Moore Route
Kimberlytown, DE 67868",30019757974385.0
13805903,Richard Powell,30,nmarquez@example.net,False,BASIC,2.94,2020-08-12,,85.27,"Unit 2587 Box 6572
DPO AE 37615",2223993392873744.0
8137843,Nancy Garrett,38,david32@example.org,False,DELUXE,0.47,2020-02-26,2020-02-05,131.94,"USNS Stark
FPO AE 40238",6011191608906484.0
9675076,Michael Miller,34,ule@example.org,False,DELUXE,0.21,2020-09-05,2020-09-25,129.2,"Unit 1475 Box 0359
DPO AA 72533",4122087616357382.0
3446086,Kelly Warner,35,osborncaleb@example.org,False,BASIC,2.79,2020-07-13,2020-07-23,125.75,"631 Williams Camp Apt. 555
Lake Randall, OH 98809",502022920933.0
6331147,Melinda Black,37,julie49@example.net,False,BASIC,48.12,2020-03-28,2020-04-17,132.69,"0640 Gilmore Village Suite 572
Brittanyport, KS 22306",4693142096563147.0
12966000,Dennis Thomas,38,michaelmitchell@example.net,False,BASIC,,2020-05-28,2020-06-23,84.64,"764 Henry Parkways
East Cherylville, NE 53360",4.836118082099941e+18
4712665,Christina Reynolds,39,ztodd@example.com,False,DELUXE,0.32,2020-02-11,2020-02-17,112.88,"5423 Watson Highway
South Michellemouth, DE 19338",4.202873238826274e+18
12520337,Nicole Jones,42,bryancooper@example.org,False,BASIC,5.11,2020-05-07,2020-04-07,84.24,"2507 Martin Street
Gregoryhaven, IA 05610",30005799006625.0
14591287,Jacob Prince,38,dtaylor@example.org,True,BASIC,,2020-07-14,2020-07-08,114.38,"PSC 5486, Box 8505
APO AA 41648",30583519389158.0
10673893,Kathleen Miller,28,goodwinwayne@example.com,False,BASIC,3.24,2020-12-28,2020-12-30,143.04,"Unit 1282 Box 4625
DPO AA 07224",347892492946316.0
555564,Dr. Richard West,30,selena47@example.com,False,BASIC,,2020-10-27,2020-10-27,119.39,"585 Diane Walks
Elizabethfort, VT 92023",4068321508163.0
14961761,Jacob Flores,37,chughes@example.net,False,DELUXE,0.67,2020-08-19,2020-10-11,124.1,"853 West Road
Sarahton, SD 87074",4438597462316224.0
16776077,Kyle King,38,justinwilson@example.org,False,BASIC,2.23,2020-04-15,2020-05-11,84.54,"76226 Thomas Trail
Lake Jeffrey, TX 55397",60407121585.0
4140022,Daniel Mercer,34,joseph37@example.org,False,SUITE,29.08,2020-09-22,2020-08-26,263.93,"21605 Martinez Forks
West Nicoleberg, WV 52830",503870413369.0
1582869,Charles Stark,39,tespinoza@example.com,False,BASIC,46.91,2020-09-02,2020-06-29,186.44,"7763 Stewart Center Suite 392
Lake Ericstad, DC 49260",3534065286045630.0
2677069,Amy Barajas,31,xcole@example.com,False,BASIC,0.87,2020-07-24,2020-07-29,177.75,"33285 David Coves
West Maurice, KS 33930",213175209495335.0
8927335,Jeremy Wright,34,timothyfigueroa@example.com,False,BASIC,46.64,2020-10-11,2020-10-28,122.39,"Unit 9983 Box 2169
DPO AE 24461",3569232571305628.0
12718345,Jessica Garcia,36,qosborne@example.com,False,BASIC,48.12,2020-04-23,2020-06-29,147.24,"083 Rodriguez Light Apt. 250
North Thomas, OH 45472",4776378800183687.0
2888639,Jill Reynolds,32,greeneerik@example.org,False,DELUXE,31.58,2020-02-27,2020-02-16,172.47,"9736 Amber Highway Apt. 783
Davisfort, MS 44092",4.856017767220901e+18
5166092,Samantha Huynh,40,sperkins@example.org,False,BASIC,0.28,2020-08-10,2020-07-06,132.34,"59044 Andrew Vista Apt. 544
Lake Tammy, CT 63806",502086457939.0
10598270,Sandra Ruiz,36,anthonyrebecca@example.net,False,BASIC,7.11,2020-08-30,2020-09-21,100.53,"80054 George Causeway
Gloriafurt, WV 08454",4828786694326758.0
790744,Ashley Paul,31,murrayjavier@example.org,False,SUITE,0.05,2020-11-05,2020-11-08,287.03,"269 Hughes Forks
Ericberg, SC 62798",3550483256277431.0
3043788,Sophia Parker,37,xschneider@example.org,False,BASIC,21.11,2020-07-14,2020-08-01,191.62,"2706 Tammy Trace
Port Thomas, MH 16866",30208478385431.0
5617167,Abigail Mendez,34,vlee@example.org,False,DELUXE,6.51,2020-09-22,2020-09-18,106.42,"25706 Cynthia Squares
South Jasonmouth, RI 95309",4275290276181.0
12911330,Jennifer Ward,32,charles30@example.org,False,BASIC,8.88,2020-04-13,2020-05-01,157.98,"582 Amy Spur Suite 461
Lake Lauren, MS 31004",4736150773972555.0
7397297,Timothy Jackson,43,rstephens@example.net,False,BASIC,1.0,2021-01-01,2021-01-03,95.66,"5454 Huynh Tunnel
New Davidton, VI 82729",3587602119355418.0
891387,Katie Hendrix,39,ejones@example.net,False,BASIC,,2020-08-28,2020-08-07,105.51,"80841 Larry Falls
West Kiara, GU 17084",6594515235628233.0
2871708,Laurie Vargas MD,37,radams@example.com,False,BASIC,30.53,2020-10-10,2020-09-13,106.58,"040 Sharon Spurs Apt. 873
Ballbury, UT 52934",4155315508232.0
15876706,Jeffrey Weeks,33,rpage@example.net,False,BASIC,30.18,2020-04-03,2020-04-02,234.69,"1964 Christopher Lodge Suite 319
Davidburgh, RI 92342",4575951551232425.0
15345004,Adam Jordan,37,ilopez@example.com,False,BASIC,15.19,2020-12-15,2020-12-02,84.28,"5968 Amy Turnpike
South Amandastad, LA 53726",4.4630226654590305e+18
9525418,Candace Pearson,39,walkerallen@example.com,False,BASIC,1.65,2020-05-21,2020-05-14,126.3,"72880 Bennett Crossroad
Lake Johnville, IN 63901",4865318966100.0
11834486,Jose Thompson,30,michaelharris@example.org,False,BASIC,48.12,2020-12-03,2020-12-01,94.36,"5494 Willis Roads
Snowbury, TX 49337",4.1890672173900733e+18
10062615,Anthony Sanchez,32,elizabethcoleman@example.com,False,BASIC,48.12,2020-06-19,2020-05-26,153.93,"5027 William Crossroad Suite 138
East Staciefurt, CA 70402",4782576237282.0
8737881,Michael Cooke,47,ccollins@example.com,False,BASIC,11.67,2020-09-11,2020-08-22,129.68,"PSC 7522, Box 7091
APO AP 10980",213130697122289.0
11111258,Ryan Knight,41,nicole57@example.net,False,BASIC,48.12,2020-10-25,2020-11-30,84.51,"79527 Frank Ridge
Ianfurt, TN 66333",180035783031055.0
1115014,Makayla King,37,tracy60@example.com,False,SUITE,47.54,2020-02-27,2020-02-13,160.79,"703 Brandon Cliff
Tamaraport, TX 20748",4844622337283322.0
1992058,Anna Moore,38,ashleycurry@example.org,False,BASIC,,2020-12-10,2020-12-04,94.82,"66258 Dylan Well
Grayburgh, IL 36264",30239961484852.0
10330242,Albert Mcdaniel,36,michael95@example.net,False,BASIC,1.35,2020-11-07,2020-11-08,123.62,"7736 Mayer Manor
Moodyfurt, NM 04214",4788315115556.0
271443,Christopher Calderon,34,perrymichael@example.com,False,BASIC,33.28,2020-11-20,2020-11-29,136.95,"7323 Allen Shore Apt. 298
East Meganshire, PW 12998",2452011601746320.0
3913430,Allison Price,46,ashleymccall@example.com,False,SUITE,10.21,2020-07-27,2020-09-14,92.81,"806 Elizabeth Skyway
North Jesusville, NC 51148",4938901299022879.0
1257463,Lori Welch,36,candice62@example.net,False,DELUXE,17.93,2020-11-25,2020-11-25,367.27,"Unit 9816 Box 1387
DPO AE 42172",3544876546310608.0
15168169,Andrew Fields,32,nealbailey@example.org,False,SUITE,1.62,2020-05-10,2020-06-19,280.29,"181 Mary Knolls
Lake Stephaniechester, NM 56661",2260691234367784.0
4151418,Jonathan Lowe,36,owensjoseph@example.com,False,BASIC,14.63,2020-05-23,2020-06-29,164.33,"98723 Lydia Springs Apt. 912
Baldwinport, TN 46119",4271883290150.0
1078433,Juan Hood,36,gloria15@example.org,False,BASIC,48.12,2020-05-04,2020-05-09,186.44,"80579 Brown Stream
North Tammy, MD 31110",6505887826205574.0
6288480,Elizabeth Huang,34,josephrichardson@example.com,False,DELUXE,28.45,2020-11-29,2020-12-03,278.43,"70400 Kelley Estate
Jennifershire, NV 16951",4243570097961719.0
11502374,George Richard,35,blairsteven@example.com,True,DELUXE,8.26,2020-04-20,2020-04-23,280.37,"20669 Brenda Turnpike Suite 428
Jesseberg, MI 18500",2720392847515976.0
16257410,Amy Shaw,36,khancock@example.com,False,BASIC,2.24,2020-10-03,2020-10-05,98.47,"73072 Charles Knolls
South Elizabethstad, NH 77995",4322780710423146.0
12206880,David Robbins,31,zgreen@example.net,False,BASIC,39.43,2020-05-28,2020-06-29,105.82,"50458 Dave Meadow
Carpenterton, NC 81121",346616164427938.0
5412471,Cynthia Miller,34,jonesashley@example.net,False,BASIC,4.46,2020-08-24,2020-09-19,98.7,"4015 Knight Bypass Suite 713
Orrville, AL 59182",180031038306426.0
2740180,Kristopher Olson,35,williamwilson@example.org,False,BASIC,48.12,2020-06-17,2020-05-12,194.45,"6440 Joseph Hills Suite 830
Port Gregory, IN 82997",213111808621641.0
8033023,Cory Miller,32,sherrycook@example.org,False,BASIC,11.9,2020-03-10,2020-03-14,100.25,"9592 Jones Extensions Apt. 621
West Douglas, NM 15025",4929762061726993.0
8425877,Jennifer Wilson,36,victorreese@example.com,True,DELUXE,3.5,2020-05-14,2020-05-31,193.22,"648 Thomas Loaf
Jonathanville, MI 04021",30376763406665.0
10322255,Kelly Hopkins,32,jenniferbarrett@example.com,False,DELUXE,0.18,2020-03-31,2020-03-19,217.53,"439 Wilson Crest Suite 512
Liside, GU 99432",2439994912629699.0
13060196,Richard Gonzales,39,stephenaustin@example.org,False,DELUXE,12.97,2020-02-15,2020-03-13,366.74,"580 Billy Field
Zacharyborough, NC 35132",3503948565787070.0
6428298,Jennifer Miller,39,oliverjessica@example.net,False,BASIC,9.17,2020-09-18,2020-08-30,301.03,"117 Bass Drive Suite 098
Jennachester, MS 53146",6596303155888840.0
8847416,Lauren Pollard,39,evanskelly@example.org,False,BASIC,37.33,2020-12-08,2020-11-24,125.47,"Unit 0339 Box 1392
DPO AE 92143",4787068550441800.0
15179502,Joshua Jackson,34,rhodesjames@example.org,False,BASIC,0.05,2020-02-18,2020-02-04,266.77,"21587 Todd Orchard
Port Kevintown, KS 48865",6513440329217777.0
327308,Johnny Hunt,32,vsutton@example.net,False,BASIC,11.75,2020-10-03,2020-10-21,146.44,"39689 Martha Gateway
Lake Jason, NV 27848",4067203750109.0
10243321,Angel Woods,35,ebruce@example.net,False,BASIC,2.77,2020-02-17,2020-03-19,127.88,"9904 Diane Ville
Jonathonview, ND 29732",6526874517598108.0
2805151,Carl Houston,38,kendra08@example.com,False,DELUXE,,2020-06-06,2020-05-29,196.03,"46330 Jessica Estate Suite 054
West Andrewstad, NE 11939",346285285674743.0
1400208,Michael Bryant,36,williamsmichelle@example.net,False,DELUXE,30.8,2020-02-20,2020-02-14,267.72,"6046 Reed Valley Apt. 014
Lake Raymond, AK 39689",562610329095.0
3076895,Elaine Anderson,38,amanda14@example.com,True,BASIC,14.18,2020-10-05,2020-10-14,132.28,"19294 Keith Gardens Apt. 598
South Gerald, NV 82729",3576429202022561.0
2107001,Rhonda Gaines,34,maryacosta@example.net,False,BASIC,1.95,2020-03-05,2020-02-20,114.86,"5793 Jasmine Inlet
Monroeland, MN 38582",4.480135189180314e+18
8021798,Thomas Jones,33,yorkdestiny@example.org,False,BASIC,6.28,2020-07-14,2020-06-03,94.22,"8624 Sanchez Rest
New Charlesborough, SD 13344",4628453741070.0
12781962,Sarah Barry,34,barnesjeremy@example.com,False,BASIC,48.12,2020-12-29,2020-12-21,162.32,"PSC 5973, Box 5021
APO AP 40871",6544113832541891.0
10575972,Erika Ward,40,cfox@example.com,True,BASIC,8.52,2021-01-06,2021-01-06,97.29,"968 James Cliffs Suite 801
Gilesstad, CO 24523",6544109074064519.0
772431,Brian Thomas,39,adamsmith@example.org,False,BASIC,40.79,2020-12-25,2020-12-16,301.52,"7866 Valerie View Apt. 196
New Jeremybury, NH 05922",4147424643952862.0
11471508,Deborah Adams,30,edward04@example.com,False,DELUXE,2.12,2020-03-17,2020-02-13,126.7,"5703 Mcdowell Tunnel Apt. 988
South Tommy, MI 68702",3595886207817229.0
9088683,Jeffrey Gibson,41,whitejames@example.org,False,BASIC,7.93,2020-12-17,2020-12-18,121.76,"625 Mark Mountains Suite 833
Ericastad, ND 95016",6590142598689886.0
16230906,Maureen Gonzalez,32,barry53@example.org,False,BASIC,,2020-09-29,2020-10-25,88.69,"4065 Lopez Lane Apt. 699
Marquezberg, WV 39164",4189677889685806.0
15226830,Chelsea Wiggins,34,nguyenjeremy@example.net,True,DELUXE,13.46,2020-10-04,2020-08-28,144.08,"Unit 8603 Box 1687
DPO AA 98691",2263527271875163.0
14231799,Mitchell Morris,36,edward86@example.com,False,BASIC,30.62,2020-07-13,2020-09-09,93.72,"USS Roberts
FPO AA 25770",6011167384973427.0
6995502,Nicholas Frank,40,derrickrice@example.net,False,SUITE,9.82,2020-02-04,,311.45,"800 Moore Canyon Apt. 420
Timothyborough, AR 53308",3570097715703609.0
10745740,Joseph Johnson,38,zharper@example.com,False,BASIC,0.25,2020-12-16,2020-12-16,108.78,"287 Tammy Springs Suite 667
New Brandyfurt, MA 23574",2287045865387901.0
4697558,Brittany Martin,43,martinjasmine@example.com,True,DELUXE,0.99,2020-10-22,2020-11-22,242.03,"160 Donna Loop
East James, MP 56280",2271139202388918.0
12299924,Dawn Garcia,39,olivia80@example.org,False,BASIC,0.53,2020-03-19,2020-03-23,139.36,"9155 Garcia Club Apt. 883
Lake Beth, MA 72215",2711659351292536.0
8237215,Kevin Rodriguez,31,amartinez@example.org,False,BASIC,7.2,2020-12-29,2021-01-01,107.3,"26486 West Burg Suite 381
Port Tammy, MH 30581",213159285891542.0
14870786,Patricia Lee,45,sarahwarren@example.org,False,BASIC,11.22,2020-05-06,2020-06-13,94.09,"USS Wiley
FPO AE 78992",4807437126893.0
2052219,Monica Barnes,35,apena@example.com,True,SUITE,0.0,2020-09-15,2020-10-16,270.85,"0805 Philip Knoll Apt. 078
Lake Randy, IA 38594",4.227645477533784e+18
8764828,Nicole Jackson,36,xturner@example.net,False,BASIC,13.32,2020-10-08,2020-10-31,105.41,"06212 Amber Gateway
West Stephen, MN 38089",5368685765216331.0
12132364,Caleb Wood,31,pfarmer@example.com,False,DELUXE,16.16,2020-11-26,2020-12-03,207.53,"2829 Macias Union Suite 751
New Cherylstad, OR 62894",30438337647164.0
429689,Charles Villanueva,35,xramirez@example.net,True,BASIC,20.01,2020-07-31,2020-08-16,256.2,"2386 Kimberly Turnpike Suite 994
Nataliemouth, ND 43283",341646116867779.0
14586672,Kathy Combs,31,vflores@example.net,False,DELUXE,9.37,2020-01-26,2020-02-12,281.36,"3755 Carpenter Hollow Suite 613
Robertfort, ND 02277",3569607330528323.0
6890306,Megan David,37,tmercado@example.net,False,BASIC,48.12,2020-08-11,2020-07-06,85.42,"138 Nash Islands
Daniellechester, LA 32337",6598392281067245.0
16548955,Travis Price,37,christopher48@example.com,False,BASIC,0.33,2020-08-25,2020-08-14,90.42,"079 Rebecca Stravenue Suite 619
West Jobury, PR 81959",4.4233910644104023e+18
11585393,Courtney Fox DDS,35,ivillegas@example.net,False,DELUXE,0.72,2020-10-30,2020-11-16,209.4,"5785 Larry Falls Suite 723
Kennedyshire, OK 92459",4227258442740422.0
5445953,Emily Sanchez,32,louis16@example.com,False,DELUXE,15.24,2020-02-27,2020-03-04,103.1,"062 Thomas Island Suite 746
Breannabury, VA 87844",3532319969215529.0
1788255,John Lynn,37,mcconnelllisa@example.com,False,BASIC,3.28,2020-05-26,2020-07-13,83.82,"864 Garcia View Suite 297
Sherryport, NM 28411",2258793948131011.0
5487578,Jason Turner,37,aaronvillegas@example.net,False,BASIC,32.48,2020-06-23,2020-08-18,214.87,"69960 Johnson Ford
Aguilarberg, MD 22924",582910733408.0
9432673,Robert Travis,35,russellwendy@example.org,True,BASIC,1.85,2020-11-25,2020-11-30,104.06,"590 Dean Keys
Williamsmouth, HI 14909",30475561244615.0
16287327,Theresa Robertson,42,mleach@example.net,True,BASIC,0.01,2020-07-01,2020-08-05,113.08,"54841 Jennifer Fall
Amberburgh, OK 76010",4996945604366.0
13069369,Russell Love,36,bradleymartin@example.com,False,DELUXE,46.29,2020-04-20,2020-06-01,282.47,"1391 Kyle Spring Suite 670
East Amanda, TN 68407",3584183222730147.0
782373,Timothy Hodges,38,broman@example.com,False,BASIC,30.4,2020-05-22,2020-05-10,86.45,"36267 Chang Lake
Lewisburgh, VT 17191",501880048191.0
4614976,Donald Elliott,33,dennisgray@example.org,False,BASIC,,2021-01-01,2021-01-02,85.68,"Unit 1347 Box 8047
DPO AE 13248",2293421706725348.0
4278756,Patrick Turner,29,owilliams@example.org,False,BASIC,48.12,2020-06-01,2020-06-25,174.34,"21672 Glover Isle Apt. 103
Myersstad, LA 96625",3545627034403135.0
16209311,Martin Ramirez,41,rachelroach@example.com,False,BASIC,6.89,2020-04-24,2020-02-22,119.78,"USS Cooper
FPO AP 65849",30303138767076.0
11098603,Steven Mckenzie,46,uwilliams@example.org,False,BASIC,0.08,2020-10-19,2020-11-28,100.66,"6413 Carmen Harbor
Meganbury, RI 42376",3592426846472103.0
12733954,Heidi Wood,32,toddwallace@example.org,False,DELUXE,12.43,2020-04-25,2020-04-11,136.67,"610 Lopez Club Apt. 173
Cardenasstad, IL 09567",3508710393917211.0
4654878,Kevin Buck,32,klinealexander@example.com,False,BASIC,16.96,2020-09-12,2020-09-04,184.21,"193 Carpenter Stravenue
West Brett, AR 33421",30368504494076.0
1572528,Sarah Jenkins,36,racheldaniel@example.org,False,DELUXE,,2020-11-11,2020-11-28,203.5,"USNV Rosales
FPO AP 10940",4949698725433.0
4839584,David Olsen,43,thomas72@example.com,False,BASIC,40.21,2020-07-11,2020-09-11,97.05,"9418 Alejandro Cliffs
Port Raventon, MS 87001",3581474299602282.0
14880498,Jessica Diaz,37,wilsonmatthew@example.net,False,SUITE,,2020-11-16,2020-12-11,251.7,"USS Farrell
FPO AA 78210",4812404733150.0
1531724,Shannon Kelly,39,woodsjasmine@example.net,False,BASIC,2.83,2020-07-08,2020-07-24,91.15,"4724 Kelley Plaza
Timothyberg, GU 03563",36350465048624.0
3845626,Brandon Kim,37,edward69@example.org,False,BASIC,,2021-01-02,2021-01-04,155.52,"7996 Pham Cove Suite 434
Anthonyfort, NM 98125",4950603008919832.0
3331176,Charles Smith,35,vvance@example.org,False,DELUXE,48.12,2020-06-18,2020-05-23,220.38,"4429 Martin Trafficway Suite 048
Yangburgh, DE 36552",3595430758796845.0
9785065,Russell Smith,44,hestertyler@example.com,False,DELUXE,43.89,2020-07-06,,235.84,"USNS Davidson
FPO AP 41561",349073768938869.0
718313,Carol Phillips,38,andreabrewer@example.com,True,BASIC,0.89,2020-10-21,2020-10-13,115.08,"09181 Brown Port Apt. 763
Snowberg, MH 67755",4140017837220.0
1285943,John Thomas,37,lynchsteven@example.net,False,DELUXE,16.32,2020-07-19,,299.76,"927 Williams Inlet
New Pamela, UT 97158",4121993019418146.0
6337071,Diane Pruitt,39,lynchjill@example.com,False,BASIC,11.55,2020-10-08,2020-09-14,94.76,"88419 Nelson Forge Apt. 948
Timothyberg, AS 22549",4424334037386425.0
12180077,Scott Burgess,25,nguyenmolly@example.org,False,DELUXE,,2020-01-12,2020-01-14,141.58,"0114 Laura Highway Apt. 723
Lake Kellichester, KY 85278",589093669713.0
10461065,Deborah Hart,35,jessicaturner@example.com,False,BASIC,16.88,2020-11-29,2020-11-26,89.34,"2692 Russell Inlet Suite 269
Anthonyhaven, MH 46478",2643523508791381.0
9920630,Lindsey Soto,46,morganmegan@example.org,False,DELUXE,,2020-01-30,2020-01-29,142.34,"543 Buchanan Burg
Vegaborough, IN 89552",30476369305061.0
14606015,Gabriel Turner,37,jeffrey87@example.net,False,BASIC,20.33,2020-10-20,2020-10-14,97.75,"1095 Gray Village Suite 299
South Susan, NC 02127",180085274515421.0
13627965,Courtney Morgan,48,woodsdaniel@example.com,False,BASIC,42.26,2020-12-02,2020-12-05,87.3,"48283 Christopher Glens
Katelynmouth, MS 29728",4515762056987.0
14407237,Jordan Erickson,31,krystal86@example.org,False,BASIC,,2020-02-08,2020-01-23,108.05,"4043 Johnson Drives
Parsonsmouth, FM 47391",3570959889985843.0
13016615,Mark Snow,30,robertblair@example.org,False,BASIC,0.09,2020-03-23,2020-05-12,123.71,"83059 Jonathon Center
New Julia, NJ 60878",36622117596733.0
2546385,Cassidy Rivers,35,kathleen35@example.org,True,BASIC,11.49,2020-01-22,2020-01-19,139.67,"9399 Weaver Valleys Apt. 541
North Alyssa, SC 26969",38826119261364.0
15316947,Patty Vargas,38,lwells@example.net,False,BASIC,7.43,2020-04-08,2020-04-27,93.58,"3438 Gonzalez Gardens Apt. 274
Williamville, UT 52330",2702408075443798.0
3341042,Martha Choi,40,rsmith@example.com,False,BASIC,3.78,2020-09-02,2020-09-25,139.26,"USNV Stone
FPO AP 41079",349917990939048.0
901303,Jeremiah Wright,42,julie28@example.org,False,BASIC,17.87,2020-05-16,2020-04-10,85.16,"0421 Cordova Shore Suite 776
Thomasmouth, VT 65231",4195949366573.0
6206027,Angela Washington,34,virginia58@example.net,False,BASIC,29.75,2020-04-05,2020-04-07,146.04,"98738 Stephen Spurs
Lake Jeffrey, VT 38174",4986503439481154.0
2094251,Melissa Marsh,42,samantha34@example.net,False,BASIC,8.36,2020-03-11,2020-05-05,160.33,"PSC 9112, Box 6934
APO AP 31268",4762335848413.0
3171833,Andrew Stewart,42,matthewjenkins@example.net,False,BASIC,48.12,2020-04-29,2020-04-11,91.47,"2095 Johnson Wells Apt. 771
East Jefferymouth, NE 71007",6582007622526349.0
2016302,George Mullen,40,fschultz@example.com,False,BASIC,33.61,2020-04-30,2020-05-11,140.1,"4039 David Neck
Conwayhaven, NV 11145",4696137331402.0
2936796,Duane Martinez,38,webstersara@example.com,True,BASIC,1.5,2020-01-25,2020-01-22,151.37,"40595 Mckinney Forest Suite 312
New Joshuatown, WY 72914",345551949006866.0
8329086,Eric Miller,35,sean31@example.net,False,BASIC,4.71,2020-04-28,2020-04-28,94.07,"74976 Leslie Run
Ashleyville, NY 94920",4156590362600.0
12864756,Judy Boyd,42,dennismorse@example.org,False,DELUXE,48.12,2020-12-12,2020-12-28,144.11,"4618 Barnes Corner
North Jamiefurt, NV 69261",2254401962772330.0
15213468,Andrew Calhoun,30,swansondeborah@example.org,False,SUITE,8.93,2020-04-21,2020-05-05,227.64,"Unit 1267 Box 8235
DPO AP 90088",6011687406534055.0
8246597,Benjamin Peters,32,dpace@example.com,False,BASIC,20.19,2020-06-07,2020-06-19,141.92,"217 Jensen Forge Apt. 494
Jaredburgh, SC 57355",676110301303.0
12289466,Leslie Hanson,40,bakerstephen@example.com,True,BASIC,1.83,2020-05-11,2020-05-18,169.35,"5693 Michael Route Apt. 079
Lake Nancyburgh, WI 59151",213175166927874.0
13669135,Megan Young,34,jmartin@example.com,False,BASIC,8.4,2020-07-13,2020-07-24,100.77,"28330 Elizabeth Mill Suite 514
Port Matthew, FM 60291",4860629982674464.0
13333738,Jared King,39,sroberts@example.com,False,BASIC,36.15,2020-07-01,2020-06-02,114.05,"7987 Ryan Squares Suite 084
North Mariashire, WA 35263",4.007983223654014e+18
10994364,Oscar Ferrell,38,mollylee@example.com,False,BASIC,42.01,2020-10-12,2020-09-15,159.49,"881 Alexander Rapids Apt. 809
Delacruzborough, RI 80606",30530321833121.0
12023713,Joshua Ortiz,31,pharris@example.org,False,DELUXE,6.56,2020-01-19,2020-01-26,209.24,"419 Hayley Points
North Anthonyville, OK 05394",3529442076212000.0
4663067,Timothy Solis,31,kelly08@example.com,False,BASIC,48.12,2020-05-01,2020-06-07,244.06,"271 Mosley Forges Apt. 933
Kennethfurt, OR 08917",6556937432925004.0
10902055,William Francis,34,robinsonvictoria@example.net,False,BASIC,13.81,2020-02-08,2020-01-27,93.73,"45378 Stephanie Dale Suite 914
Tanyamouth, OK 66390",675970003645.0
4209205,Lucas Brooks,43,james20@example.net,False,BASIC,0.85,2020-11-23,2020-12-08,97.08,"46262 Carter Roads
Lake Caitlin, ID 47528",573270169929.0
15604513,Nancy Smith,37,sarahernandez@example.com,False,BASIC,2.93,2020-02-07,2020-02-07,97.98,"418 Johnson Mall
Andreabury, MS 02294",639011116634.0
5270882,Christopher Brown,37,tracey36@example.net,False,BASIC,7.14,2020-06-29,2020-05-24,273.18,"1246 Chad Skyway Apt. 329
Bowmanstad, KY 93847",4.0040317082035354e+18
4540978,April Clark,40,galvanjennifer@example.net,False,BASIC,5.92,2020-01-08,,85.67,"0904 Johns Summit
Thomasmouth, ME 28175",377327428140182.0
4409836,Daniel Baird,36,asmith@example.org,False,BASIC,48.12,2020-08-23,2020-08-28,86.19,"369 Simmons Ports
North Christinechester, FM 95055",4233876025680376.0
2567281,Allen Martin,36,katrinamills@example.org,True,BASIC,0.0,2020-01-23,2020-01-14,185.81,"5321 Delacruz Islands
New Samanthashire, ID 47693",213194716824457.0
9331733,Taylor Estrada,36,williamdaniels@example.com,False,BASIC,0.21,2020-10-08,2020-09-21,142.7,"89437 Taylor Expressway
East Bethburgh, DE 26781",3531155490372624.0
6471099,Brandon Suarez,38,josephhoffman@example.com,False,BASIC,36.34,2020-09-01,2020-09-10,116.74,"15815 Casey Roads
Port Timothy, DE 24392",4093011510802801.0
12904207,Brian Davis,36,amberbutler@example.net,False,BASIC,3.31,2020-10-01,2020-09-20,115.58,"5319 Anderson Locks Suite 592
Hillville, VA 06359",4450792200786142.0
5867482,Kim Edwards,36,annafarmer@example.com,False,BASIC,0.03,2020-06-03,2020-05-03,116.84,"1668 Parker Views Apt. 622
Garrisonshire, WY 26577",4138505637441499.0
3761418,Kristin Banks,33,amberlewis@example.com,False,BASIC,3.17,2020-10-09,2020-10-19,141.45,"2671 Gerald Tunnel Suite 286
North Samuel, FM 27411",370165876065239.0
5571090,Bryan Williams,34,thomas24@example.org,True,BASIC,2.93,2020-06-21,2020-05-25,126.26,"2030 Christopher Inlet
Port Amber, MH 07045",6591025644770835.0
16250044,Claire Gentry,40,gabriellekelly@example.net,False,BASIC,0.86,2020-07-07,2020-06-08,122.19,"96965 Ellis Springs
Lake Spencer, OH 88534",6560200068467971.0
4198973,Brent Ferguson,38,brianzamora@example.net,False,BASIC,39.48,2020-07-03,2020-06-25,97.29,"PSC 6402, Box 5375
APO AA 15664",566397053737.0
15554641,Tony Hayes,33,bmorris@example.org,False,BASIC,2.26,2020-07-27,2020-08-23,99.82,"581 Snyder Land Apt. 824
Kennethtown, FM 19786",30212656189060.0
7192390,Michael Wilson,37,chavezhannah@example.net,False,DELUXE,11.9,2020-05-02,2020-04-20,91.32,"PSC 1964, Box 0032
APO AA 02406",503857772217.0
4226825,Lindsey Dunlap,34,gravessteven@example.org,False,BASIC,26.22,2020-02-13,2020-03-01,84.15,"PSC 7307, Box 7468
APO AE 12560",3550706553620147.0
10688762,Anna Gordon,30,cassie32@example.org,False,BASIC,7.23,2020-10-06,2020-08-26,197.48,"436 Smith Crest Suite 733
Melissaport, NM 15692",4593423614949781.0
584071,Joseph Turner,31,brandonallen@example.net,True,SUITE,0.06,2020-10-14,2020-10-12,366.04,"10839 Smith Valleys Apt. 529
Kingport, NH 79930",4617359498335915.0
11623672,Ronald Chandler,40,vsteele@example.com,False,SUITE,0.26,2020-05-20,2020-06-28,199.75,"8788 Erin Orchard Apt. 839
South Stephanie, AS 73913",6516008034790565.0
8959314,Brandon Calderon,34,udavidson@example.com,False,DELUXE,1.6,2020-12-27,2020-12-27,209.29,"786 Evan Forges Suite 792
West Lisa, NY 98423",4.134959112557315e+18
6217781,Christina Strickland,40,kyle23@example.net,False,BASIC,2.04,2020-03-04,2020-03-24,198.14,"58454 Sherman Isle Suite 890
East David, NM 91780",3574124801802677.0
3826536,Ricardo Wang,34,donnaodom@example.net,False,DELUXE,,2020-06-16,2020-08-14,183.5,"328 Danny Haven Apt. 575
Brownbury, FM 31800",4.783783004983893e+18
16138282,Miguel Lynn,36,tammycarey@example.net,False,BASIC,12.05,2020-10-08,2020-10-31,228.26,"48578 Parker Underpass
Bradybury, VA 45723",4271372474127278.0
15662531,John Taylor,44,gwebb@example.org,False,BASIC,29.49,2021-01-01,2021-01-05,86.47,"590 Peterson Roads Apt. 892
Lake Phillip, NE 80049",4.4629472135197363e+18
7169890,Mr. Jeffrey Copeland,36,carlnovak@example.com,False,BASIC,33.49,2020-10-12,2020-10-07,253.58,"2854 Steven Haven
West Michael, NE 22990",3519002403616745.0
9935400,Katie Warner,39,lwilliams@example.org,False,BASIC,15.92,2020-10-01,2020-09-19,85.56,"732 Dale Camp
Port Jennifer, MP 64418",6596727834310216.0
