index,name,age,guest_email,has_rewards,room_type,amenities_fee,checkin_date,checkout_date,room_rate,billing_address,credit_card_number
1,Wang Bin,30,michaelsanders@shaw.net,FALSE,BASIC,37.89,27-Dec-20,29-Dec-20,131.23,"49380 Rivers Street
Spencerville, AK 68265",4075084747483975747
2,Sharma Manish,23,randy49@brown.biz,FALSE,BASIC,24.37,30-Dec-20,2-Jan-21,114.43,"88394 Boyle Meadows
Conleyberg, TN 22063",1.80073E+14
3,Avery Scott,42,webermelissa@neal.com,TRUE,DELUXE,0,17-Sep-20,18-Sep-20,368.33,"0323 Lisa Station Apt. 208
Port Thomas, LA 82585",3.89835E+13
4,Daniel Lewis,35,gsims@terry.com,FALSE,BASIC,,28-Dec-20,31-Dec-20,115.61,"77 Massachusetts Ave
Cambridge, MA 02139",4969551998845740
5,Victoria Robinson,28,misty33@smith.biz,FALSE,BASIC,16.45,5-Apr-20,,122.41,"1234 Corporate Drive
Boston, MA 02116",3558512986488983
6,Li Wei,40,garciacarol@reid-crawford.biz,TRUE,BASIC,0,18-Oct-20,20-Oct-20,177.76,"653 Brianna Mill
Burtonview, TX 66595",4701079720447404938
7,Kumar Pankaj,22,phillipsmatthew@powers-martinez.com,FALSE,BASIC,19.56,22-Nov-20,24-Nov-20,108.09,"923 Bonilla Extension Apt. 787
Brianside, TN 20966",6011956907055260
8,Chloe Mitchell,38,michael86@mann-king.com,FALSE,BASIC,15.23,4-Mar-20,5-Mar-20,111.12,"993 Rebecca Landing
Jesseburgh, PA 05072",4266279461142102517
9,Lucas Baker,45,mariaanderson@fitzpatrick.com,FALSE,BASIC,,6-Jan-20,8-Jan-20,124.23,"2506 Christopher Lock
Lake Paul, IL 17894",4.77921E+12
10,Emma Young,33,aaron44@porter.com,FALSE,BASIC,37.1,22-Jan-20,26-Jan-20,114.44,"48130 Dougherty Mews
Lake Brendaland, CO 39494",6.76384E+11
11,Zhang Tao,50,courtney10@mack-mccormick.com,FALSE,BASIC,14.55,15-Jun-20,16-Jun-20,106.09,"4084 Heather Locks Apt. 091
Blackwellport, GA 62060",3576959406725080
12,Verma Rakesh,55,jeremyhunt@nguyen.com,FALSE,BASIC,4.54,23-Oct-20,25-Oct-20,116.36,"PSC 3287, Box 9500
APO AP 41046",6.75992E+11
13,Lee Ji-eun,29,pdavidson@sanchez-hughes.com,FALSE,BASIC,8.15,7-Mar-20,9-Mar-20,114.03,"241 Castro Fields Suite 715
East Timothy, OH 09119",4.09208E+12
14,Chen Wei,23,hwaters@sexton.net,FALSE,BASIC,17.94,12-Aug-20,13-Aug-20,136.73,"56954 Montgomery Loop
Williamshire, NJ 43500",4.48342E+12
15,Ahmed Hussein,34,michael21@miller.com,TRUE,BASIC,0,1-Oct-20,5-Oct-20,83.8,"PSC 3906, Box 8892
APO AE 45779",4.25305E+12
16,Olga Petrova,45,tamara85@baker.net,FALSE,BASIC,9.76,19-Jul-20,21-Jul-20,109.97,"2189 Cooper Falls
Calderonstad, MS 74354",5.63273E+11
17,Raj Kapoor,36,erinnguyen@mcgee-cole.biz,FALSE,DELUXE,12.87,14-Jul-20,16-Jul-20,238.52,"0323 Lisa Station Apt. 208
Port Thomas, LA 82585",3509825543444962
18,Kim Jisoo,27,roberto53@diaz.com,FALSE,BASIC,12.31,2-Mar-20,4-Mar-20,228.68,"3654 Michelle Neck
Ryanport, IA 84925",3559348543878898
19,Carlos Rodriguez,38,andrew80@bush.com,FALSE,DELUXE,17.7,16-Jul-20,19-Jul-20,179.43,"PSC 7238, Box 7911
APO AP 10973",2247314498652894
20,Emilia Rossi,49,tiffanykrause@martinez-briggs.com,FALSE,BASIC,7.56,31-May-20,2-Jun-20,138.28,"703 Edwards Orchard Apt. 348
North William, AL 38402",2290513662982427
21,Yamamoto Haruki,30,jamieclark@gray-barnes.org,FALSE,BASIC,13.74,30-May-20,1-Jun-20,107.53,"77 Massachusetts Ave
Cambridge, MA 02139",1.80065E+14
22,Lee Minho,41,jessica28@payne-roach.info,FALSE,BASIC,10.76,13-Oct-20,16-Oct-20,108.53,"1673 Perez Forge
Jacksonside, NM 58594",4670439786825211106
23,Sarah Johnson,32,david92@nichols.com,FALSE,BASIC,9.76,22-May-20,23-May-20,108.4,"480 David Greens Apt. 032
Dominicbury, OH 38657",4.24979E+12
24,Francois Dubois,43,ujones@potter.com,FALSE,BASIC,3.77,13-Sep-20,17-Sep-20,113.16,"PSC 3287, Box 9500
APO AP 41046",4010294825813198
25,Oscar Martinez,34,jerryblake@brooks.com,FALSE,BASIC,26.47,27-Jul-20,30-Jul-20,154.4,"94102 Thomas Causeway
Villafurt, MN 40012",2.13108E+14
26,Anna Kowalski,45,pwilliams@jenkins-cantrell.com,FALSE,BASIC,14.03,30-Nov-20,1-Dec-20,140.95,"5805 Norris Radial Suite 023
West Stephen, RI 08085",3.02132E+13
27,Ali Raza,36,hubbardryan@fowler.com,TRUE,BASIC,0,26-Aug-20,27-Aug-20,101.31,"1234 Corporate Drive
Boston, MA 02116",4.55188E+12
28,Nguyen Van A,27,glen69@thompson.com,TRUE,BASIC,0,5-Jul-20,7-Jul-20,93.97,"77376 Brett Station Apt. 553
Port Sandyton, OK 99254",3.43864E+14
29,Muhammad Ali,38,oparker@hendricks.info,FALSE,BASIC,,8-Dec-20,10-Dec-20,120.15,"8302 Nathaniel Pike
Rileyland, TX 71613",5.71168E+11
30,Julia Schneider,49,warnerlogan@martinez.com,FALSE,BASIC,17.32,5-Nov-20,7-Nov-20,118.07,"5678 Office Road
San Francisco, CA 94103",4704147652368811480
31,James Brown,40,kelly94@smith.com,TRUE,DELUXE,0,3-Dec-20,6-Dec-20,184.39,"776 Parker Locks Suite 350
Pamelamouth, WY 15909",4.10482E+12
32,Isabella Mancini,31,stephanie26@parker.com,FALSE,BASIC,28.41,5-May-20,7-May-20,110.68,"430 Pacheco Way Suite 104
Codyville, OK 98583",2255876870833937
33,Luca Bianchi,42,spencershawn@clark.com,FALSE,BASIC,30.86,14-Nov-20,16-Nov-20,119.96,"5678 Office Road
San Francisco, CA 94103",4.19683E+12
34,Johannes Schmidt,33,michaelmitchell@perry.com,FALSE,BASIC,7.92,11-Aug-20,15-Aug-20,118.15,"742 Walton Inlet Apt. 760
East John, OH 44121",4.37248E+12
35,Sofia Fernandez,44,oreyes@knapp-bowman.com,FALSE,BASIC,32.68,11-Aug-20,13-Aug-20,119.06,"28037 Janice Causeway
Pierceshire, MO 81176",4484017750569544
36,Michael Murphy,35,joneshaley@smith.info,FALSE,BASIC,13.02,3-Oct-20,5-Oct-20,125.77,"776 Parker Locks Suite 350
Pamelamouth, WY 15909",3563866109003415
37,David Taylor,26,ajenkins@smith-horton.org,FALSE,BASIC,19.13,12-Jul-20,14-Jul-20,124.48,"64885 Tapia Passage Suite 661
South Williamburgh, UT 73113",3.79626E+14
38,Youssef El Mahdi,37,destiny51@underwood.biz,FALSE,BASIC,27.45,28-Jan-20,29-Jan-20,176.31,"PSC 6601, Box 6562
APO AE 40511",4.02691E+12
39,Kwon Ji-yong,48,toddkaitlin@leon-collier.com,TRUE,BASIC,0,20-Feb-20,23-Feb-20,98.41,"5678 Office Road
San Francisco, CA 94103",4942094262703149
40,Elizabeth Wilson,39,stephanie54@ray.info,FALSE,BASIC,9.51,18-May-20,19-May-20,195.73,"442 David View
Brittanyton, AR 48257",5.86471E+11
41,Park Jimin,30,kevin61@wagner.com,FALSE,SUITE,,21-Jan-20,22-Jan-20,264.79,"5562 Andrews Burg Apt. 061
East Jacqueline, AR 85662",4506717789672128364
42,Patricia Lopez,41,leslie70@taylor-davis.com,FALSE,BASIC,,13-Sep-20,,112.46,"4011 Butler Drive
Sharonview, MN 53592",4495106062613062000
43,Robert Miller,32,grossnatalie@davis.com,FALSE,DELUXE,15.64,5-Aug-20,6-Aug-20,197.21,"6535 Andre Mountain Suite 741
Melaniestad, VA 73781",2242995672400517
44,Thomas Anderson,43,glynch@williams.com,FALSE,BASIC,16.23,4-Jul-20,6-Jul-20,128.66,"40196 Smith Stravenue Suite 572
Greenshire, SC 67947",3.02775E+13
45,Mary Davis,34,ogomez@vazquez.com,FALSE,BASIC,6.68,13-Jul-20,16-Jul-20,126.3,"6403 Allen Dam
East Kevinburgh, NM 18948",4440004935964264
46,Joseph Martinez,45,parker02@brooks-lee.com,FALSE,BASIC,22.27,6-Sep-20,8-Sep-20,173.11,"82622 Christopher Skyway Apt. 066
Hopkinsview, SC 55350",4799286980280913
47,Margaret Clark,36,evansraymond@davis-rodriguez.com,FALSE,BASIC,38.21,20-May-20,25-May-20,162.76,"PSC 8213, Box 6869
APO AP 90929",3.01455E+13
48,Charles Rodriguez,27,douglasayers@mcclain.net,FALSE,BASIC,23.61,11-May-20,13-May-20,132.93,"77 Massachusetts Ave
Cambridge, MA 02139",3.02551E+13
49,Linda Lewis,38,wmonroe@stewart.com,FALSE,BASIC,25.01,26-Jun-20,29-Jun-20,114.35,"12906 Gregory Creek
Obrienland, AK 14047",4821889109737689
50,Christopher Lee,49,nicholsonjoanne@watson.net,FALSE,SUITE,27.51,19-Aug-20,23-Aug-20,268.16,"63517 Hernandez Squares Apt. 982
Davidview, NH 09163",3.024E+13
51,Abdul Rahman,40,hodgeskari@duffy.biz,TRUE,DELUXE,0,8-Apr-20,11-Apr-20,222.55,"103 Marie Street
East Jonathan, OH 98726",2349865661751281
52,Olga Petrova,31,ibarradonald@williams-wade.info,FALSE,BASIC,28.02,9-Jun-20,11-Jun-20,125.06,"5678 Office Road
San Francisco, CA 94103",3556805154473395
53,Kim Jisoo,42,garciadarlene@ali.com,FALSE,BASIC,32.25,1-Jan-21,5-Jan-21,105.42,"1234 Corporate Drive
Boston, MA 02116",4153708178750118
54,Carlos Garcia,33,mackenzie40@hanson.com,FALSE,DELUXE,28.18,4-Feb-20,9-Feb-20,185.08,"390 Robert Drives Suite 902
New Karen, AR 64353",1.80017E+14
55,Ravi Patel,44,andrewmartinez@white.com,FALSE,BASIC,26.14,13-Sep-20,17-Sep-20,111.27,"4322 Wilson Squares
Matthewchester, HI 85123",4016023549459142452
56,Yamamoto Yuichi,35,sjones@cole.com,TRUE,BASIC,0,9-May-20,10-May-20,143.57,"9324 Hernandez Rapid Apt. 929
East Erin, ID 77139",4.84782E+12
57,Nguyen Thi Anh,26,ylowe@evans.com,FALSE,BASIC,11.62,16-Aug-20,19-Aug-20,118.04,"1234 Corporate Drive
Boston, MA 02116",2294477661503079
58,Jacques Dupont,37,phillip50@murphy-lamb.info,FALSE,BASIC,,13-Oct-20,15-Oct-20,292.5,"41459 Sarah Ranch
Floresview, ND 01693",1.80064E+14
59,Muhammad Ali,48,christophercarter@murphy-matthews.com,FALSE,SUITE,31.68,5-Jun-20,8-Jun-20,288.73,"USNS Rodriguez
FPO AP 12664",3556723727485418
60,Johannes Schmidt,39,russell00@meyer.com,FALSE,SUITE,10.28,10-Mar-20,11-Mar-20,272.76,"PSC 2727, Box 8564
APO AP 86157",2669631248945594
61,Lee Minho,30,thorntonbryan@johnson-hicks.org,FALSE,DELUXE,22.87,25-Jun-20,26-Jun-20,187.99,"003 Schultz Extension
Williamport, IA 16397",3599849235456515
62,Sarah Johnson,41,jonathan56@chandler.com,FALSE,BASIC,28.04,12-Oct-20,13-Oct-20,153.1,"Unit 6443 Box 3520
DPO AP 62277",4462406877117731
63,Rosa Martinez,32,holtebony@boyd.com,FALSE,BASIC,28.45,28-Dec-20,29-Dec-20,115.79,"437 Margaret Ferry Suite 768
Scottport, RI 86472",3.49391E+14
64,Ahmed Hussein,43,joneskristin@taylor.com,FALSE,BASIC,32.9,9-Jan-20,11-Jan-20,108.81,"1234 Corporate Drive
Boston, MA 02116",4461033775093730
65,Oscar Eriksson,34,nicole40@cherry.net,TRUE,BASIC,0,16-Jan-20,17-Jan-20,115.45,"23146 Ramirez Cliffs Apt. 766
West Bobbyview, TX 19066",1.80095E+14
66,Anna Kowalski,45,craiglawson@wilson.com,FALSE,BASIC,23.72,20-Jul-20,21-Jul-20,120.34,"463 Simmons Forks
Port Eric, VA 11253",3.86515E+13
67,Park Jimin,36,umercado@thomas.info,FALSE,BASIC,,14-Jun-20,17-Jun-20,165.96,"8302 Nathaniel Pike
Rileyland, TX 71613",3.84161E+13
68,Giuseppe Rossi,27,tatebethany@reynolds-sweeney.com,FALSE,BASIC,20.5,22-Dec-20,24-Dec-20,118.66,"225 Helen Expressway Suite 021
Emilyburgh, DC 79691",2273379952126518
69,Maria Silva,38,noahvargas@gallegos.net,FALSE,SUITE,25.64,5-Jan-20,7-Jan-20,251.15,"0549 Lynn Hill
Simmonsland, MI 00790",3.72771E+14
70,Ali Reza,49,allenpowell@cook.com,FALSE,BASIC,28.73,24-Aug-20,27-Aug-20,144.23,"Unit 4836 Box 7023
DPO AP 35520",6.76148E+11
71,Kim Yuna,40,sandra35@johnson.com,FALSE,BASIC,9.1,5-Jun-20,7-Jun-20,103.07,"1234 Corporate Drive
Boston, MA 02116",3.84403E+13
72,James O'Brien,31,gordonandrew@davis.com,FALSE,BASIC,30.12,16-May-20,18-May-20,193.57,"71901 Jackson Rue
Patrickchester, OH 47113",2.13137E+14
73,Sofia Fernandez,42,qwilson@williams.com,FALSE,BASIC,11.22,27-Sep-20,28-Sep-20,224.13,"77 Massachusetts Ave
Cambridge, MA 02139",2.13174E+14
74,Zhang Li,33,brightjessica@evans.net,FALSE,BASIC,24.93,10-Mar-20,12-Mar-20,113.1,"1234 Corporate Drive
Boston, MA 02116",3552531732620281
75,Anastasia Smirnova,44,lance88@snow-rodriguez.net,FALSE,DELUXE,27.41,16-Oct-20,19-Oct-20,181.27,"42400 Bryan View Apt. 310
Garciaside, NY 01999",2.13101E+14
76,Juan Perez,35,lauren01@adams-booth.com,FALSE,BASIC,15.81,30-Jan-20,2-Feb-20,104.97,"6535 Andre Mountain Suite 741
Melaniestad, VA 73781",3.72933E+14
77,Mustafa Kemal,26,thuff@gonzales-turner.com,FALSE,BASIC,11.88,6-Oct-20,8-Oct-20,148.07,"1234 Corporate Drive
Boston, MA 02116",1.80095E+14
78,Ahmed Hassan,37,olynch@johnson-flores.info,FALSE,BASIC,7.95,7-Feb-20,13-Feb-20,116.41,"Unit 4836 Box 7023
DPO AP 35520",5.87204E+11
79,Kwame Nkrumah,48,erichancock@stevenson.com,FALSE,BASIC,14.6,22-Oct-20,24-Oct-20,111.04,"1234 Corporate Drive
Boston, MA 02116",3.00245E+13
80,Emma Jones,39,shellysanders@may.org,FALSE,BASIC,1.62,8-May-20,,115.75,"49000 Johnson Cliffs Apt. 103
Jeremiahmouth, VA 47676",3.84401E+13
81,Fatima Khan,30,abigail37@wheeler.com,FALSE,BASIC,18.49,20-May-20,21-May-20,262.15,"5678 Office Road
San Francisco, CA 94103",1.80015E+14
82,Francois Dubois,41,courtneyclark@young.com,FALSE,BASIC,19.12,3-May-20,6-May-20,128.42,"77 Massachusetts Ave
Cambridge, MA 02139",4.54947E+12
83,Isabella Rossi,32,dpennington@colon.org,FALSE,BASIC,18.73,17-Dec-20,19-Dec-20,142.34,"7602 John Mill Apt. 258
Dustinbury, DE 85141",4.66631E+12
84,Muhammad Ali,43,johnshannon@torres.com,FALSE,BASIC,8.63,30-Dec-20,31-Dec-20,143.68,"77 Massachusetts Ave
Cambridge, MA 02139",4985421083146672550
85,Olga Petrova,34,myersmonica@jacobs.net,FALSE,BASIC,10.45,4-Feb-20,,155.61,"216 Stephanie Islands
Elainechester, DE 62055",4997172877158950
86,Jose Lopez,45,jvillarreal@cortez.info,FALSE,BASIC,35.24,30-Jul-20,1-Aug-20,158.05,"34567 Nicholas Light
Hollyton, SC 33623",4411850363237942055
87,Yoshi Tanaka,36,brittany47@joseph.com,FALSE,BASIC,21.93,27-Nov-20,30-Nov-20,109.87,"047 Wood Spur Apt. 718
East Katrinaside, NC 99656",2.13115E+14
88,Sarah Taylor,27,nford@hull.com,FALSE,BASIC,12.33,22-Dec-20,23-Dec-20,116.2,"20185 Devin Junction Suite 985
New Damonshire, PA 92492",4687341156413122
89,Simone Silva,38,jeffmcgee@griffin.com,FALSE,SUITE,32.28,25-Mar-20,31-Mar-20,259.39,"787 Macias Village
North Thomasfurt, IA 83225",4241673115783198
90,Pedro Santos,49,rwebster@hicks.com,FALSE,BASIC,21.66,7-Apr-20,11-Apr-20,109.86,"7874 Joshua Hills Apt. 837
Fullerfort, HI 81547",3.72956E+14
91,Anita Desai,40,melissa09@bryan.com,FALSE,BASIC,0.72,15-Feb-20,17-Feb-20,162.9,"1234 Corporate Drive
Boston, MA 02116",4.49176E+12
92,Jorge Gonzalez,31,deborah36@escobar.net,FALSE,BASIC,,15-Jan-20,17-Jan-20,112.16,"PSC 8213, Box 6869
APO AP 90929",3579007539433433
93,Yulia Popova,42,munozbeth@knox-howell.com,FALSE,BASIC,20.11,18-Dec-20,19-Dec-20,118.56,"5678 Office Road
San Francisco, CA 94103",3580413909844349
94,Kim Jisoo,33,blewis@mills.com,FALSE,BASIC,,22-Aug-20,24-Aug-20,110.05,"4584 Barton Lock Apt. 572
South Mariaburgh, SD 73807",6011949938610104
95,Michael Brown,44,erika24@gregory.com,FALSE,BASIC,19.07,16-Dec-20,18-Dec-20,111.1,"77 Massachusetts Ave
Cambridge, MA 02139",1.80032E+14
96,Lucia Fernandez,35,david55@marshall.org,FALSE,BASIC,19,4-Nov-20,6-Nov-20,144.18,"74489 Simmons Trail
Valdezstad, GA 17568",3.41355E+14
97,Kim Jisoo,26,smithlaura@cox.org,FALSE,BASIC,5.13,4-Dec-20,8-Dec-20,112.87,"726 Riley Course
Lake Oliviastad, CO 74863",6011643216990045
98,Yamamoto Haruki,37,lisa92@lee.com,FALSE,BASIC,34.09,4-Jun-20,5-Jun-20,112.4,"1025 Christopher Park Suite 699
East Tanyachester, MA 41757",6511354105782676
99,Isabelle Moreau,48,rhondaharding@morgan.info,TRUE,BASIC,0,8-May-20,9-May-20,112.9,"250 Nicole Ramp
Lyonsview, OK 87183",6564242690472975
100,Luca Rossi,39,moorejason@hill.net,FALSE,DELUXE,28.63,17-Nov-20,20-Nov-20,208.13,"2213 Morgan View Apt. 260
Jamesville, NM 91998",3.65698E+13
101,Johannes Schmidt,30,omartin@simmons.com,FALSE,BASIC,13.52,27-Mar-20,29-Mar-20,144.36,"6078 Henry Passage Apt. 109
Mccartyberg, KS 32014",6594752414460290
102,Anastasia Popova,41,wendysaunders@miller.com,FALSE,BASIC,,16-Nov-20,17-Nov-20,123.83,"5678 Office Road
San Francisco, CA 94103",5.69934E+11
103,Lee Min-jun,32,thomas44@graham.com,FALSE,DELUXE,,27-May-20,29-May-20,178.48,"1234 Corporate Drive
Boston, MA 02116",6576602748020280
104,Patricia O'Brien,43,dmcdaniel@owens.com,FALSE,BASIC,7.64,17-Feb-20,20-Feb-20,137.72,"961 Garcia Brook Apt. 841
Lake Mackenzieside, ID 35690",3503411381423842
105,Raj Kapoor,34,michael54@soto.com,FALSE,BASIC,18.59,31-Mar-20,4-Apr-20,133.06,"5678 Office Road
San Francisco, CA 94103",6528592436769653
106,Nguyen Thi Anh,45,jjohnson@miller.com,FALSE,BASIC,37.29,19-Mar-20,22-Mar-20,155.6,"6982 James Point
Lake Timothy, MA 16791",4.00317E+12
107,Kwame Nkrumah,36,dylanrobertson@williams.com,TRUE,BASIC,0,19-Dec-20,21-Dec-20,88.62,"1234 Corporate Drive
Boston, MA 02116",4.4659E+12
108,Aliyah Mohammed,27,renee45@jennings.info,FALSE,DELUXE,,21-Dec-20,22-Dec-20,424.84,"27819 Jillian Street Suite 431
West Kimbury, CO 74361",4251675636023801863
109,Juanita Perez,38,patricknancy@good.com,FALSE,BASIC,10.39,25-Jul-20,27-Jul-20,105.86,"43132 Neal Port
Port Ashleyport, MO 33779",5.66409E+11
110,Ravi Patel,49,pwaters@lewis.com,FALSE,BASIC,16.38,27-Dec-20,31-Dec-20,141.55,"77 Massachusetts Ave
Cambridge, MA 02139",6011877890909802
111,Oliver Johansson,40,amanda14@klein-mcconnell.net,FALSE,BASIC,15.13,12-Jul-20,13-Jul-20,121.03,"0629 Elizabeth Brook
Hansonton, AZ 30055",3.69883E+13
112,Anna Kowalski,31,castrojeffrey@clark.com,FALSE,DELUXE,26.68,1-Jan-21,4-Jan-21,187.34,"7807 Jessica Plaza
New David, MI 57970",5.02017E+11
113,Oscar Martinez,42,nathanwhite@nielsen.com,FALSE,BASIC,18.63,24-Dec-20,27-Dec-20,145.43,"64885 Tapia Passage Suite 661
South Williamburgh, UT 73113",3510478677464500
114,Sarah Cohen,33,zliu@moran-hernandez.com,FALSE,BASIC,25.82,30-Jun-20,2-Jul-20,115.16,"300 Logan Alley
West Markport, NE 43825",2.13166E+14
115,Abdulaziz Al-Faisal,44,bryan94@jennings-reyes.com,TRUE,DELUXE,0,9-Mar-20,10-Mar-20,141.94,"922 Karen Inlet
Theresachester, DE 47978",3.88831E+13
116,Maria Silva,35,robert55@mueller-ramos.com,FALSE,DELUXE,,20-Nov-20,22-Nov-20,181.25,"USNV Shaw
FPO AA 48544",2636340729859940
117,James O'Connor,26,michael40@ryan.com,FALSE,BASIC,,15-Apr-20,16-Apr-20,131.74,"77 Massachusetts Ave
Cambridge, MA 02139",3564844736823694
118,Diego Fernandez,37,karen49@mercado.net,FALSE,BASIC,9.87,29-Mar-20,3-Apr-20,288.29,"16527 Marie Overpass
South Alyssa, IL 55658",4710904336341196934
119,Chen Li Na,48,albertperez@james-simmons.com,FALSE,BASIC,37.26,29-Mar-20,4-Apr-20,104.57,"77 Massachusetts Ave
Cambridge, MA 02139",4667086053372516920
120,Jessica Taylor,39,valerie82@allen-parsons.biz,FALSE,BASIC,18.67,21-Jan-20,22-Jan-20,119.75,"82025 Cameron Island
Mariahmouth, FL 66939",3518001769438406
121,George Anderson,30,jaywheeler@pratt.com,TRUE,DELUXE,0,1-Jun-20,4-Jun-20,225.69,"27260 Amy Grove Suite 845
Bensonborough, PA 57129",4189467192702831
122,Olivia Thomas,41,shelly69@casey.net,TRUE,DELUXE,0,26-Aug-20,27-Aug-20,176.85,"1234 Corporate Drive
Boston, MA 02116",4245269298343508
123,James Jackson,32,cynthia01@knight.com,TRUE,BASIC,0,2-Feb-20,4-Feb-20,93.8,"77 Massachusetts Ave
Cambridge, MA 02139",3.62117E+13
124,Sophia White,43,regina91@fleming.com,FALSE,BASIC,17.6,2-Jan-21,3-Jan-21,104.85,"9525 Adkins Valleys Apt. 059
Michaelfort, UT 59519",4074459116174971
125,William Harris,34,heatherbrowning@brewer-hopkins.com,FALSE,BASIC,,10-Jun-20,11-Jun-20,103.38,"00536 Brittany Ways Suite 827
North Emily, NJ 05837",3.70603E+14
126,Isabella Martin,45,michaelwilliams@ball.com,FALSE,BASIC,23.92,4-Aug-20,8-Aug-20,109.51,"10048 Thompson Ville Apt. 960
Andrewbury, MA 76648",4.78511E+12
127,Michael Thompson,36,bryanmack@hansen.com,FALSE,BASIC,28.18,27-Nov-20,28-Nov-20,113.9,"77 Massachusetts Ave
Cambridge, MA 02139",3.05481E+13
128,Ava Garcia,27,smithjennifer@davis.com,FALSE,BASIC,34.95,5-Mar-20,6-Mar-20,102.12,"221 Lopez Bypass Suite 004
Benjaminchester, ME 19764",4650088697745024
129,David Martinez,38,rebeccamoreno@ross-davenport.biz,FALSE,BASIC,17.88,9-Aug-20,11-Aug-20,103.69,"1234 Corporate Drive
Boston, MA 02116",3587892115731460
130,Mia Robinson,49,sarah92@jenkins-jackson.org,FALSE,BASIC,12.84,29-Aug-20,31-Aug-20,127.21,"77 Massachusetts Ave
Cambridge, MA 02139",4347482390461898184
131,Joseph Clark,40,kimberlycarrillo@taylor-johnston.com,FALSE,BASIC,11.93,27-Mar-20,30-Mar-20,113.34,"5678 Office Road
San Francisco, CA 94103",5184481252880751
132,Charlotte Rodriguez,31,christina23@townsend-jenkins.com,FALSE,BASIC,21.07,13-Mar-20,14-Mar-20,109.44,"10048 Thompson Ville Apt. 960
Andrewbury, MA 76648",2296676199868502
133,Charles Hall,42,zstevens@becker.com,FALSE,BASIC,17.78,6-Aug-20,7-Aug-20,113.36,"1234 Corporate Drive
Boston, MA 02116",2.13139E+14
134,Amelia Lewis,33,xgreene@rodriguez-wood.net,TRUE,BASIC,0,10-Nov-20,12-Nov-20,88.91,"77 Massachusetts Ave
Cambridge, MA 02139",6011754475721284
135,Christopher Young,44,christineperry@carlson.com,FALSE,BASIC,20.87,15-Jun-20,,150.78,"645 Sarah Loop
Richardsburgh, WV 88541",4.27809E+12
136,Harper Walker,35,sarasanchez@curry.com,FALSE,BASIC,25.62,28-Jan-20,31-Jan-20,203.54,"502 Grant Spring Apt. 915
Patriciaport, VA 24312",4500509902359766
137,Daniel Wright,26,coxdiana@brewer.com,FALSE,DELUXE,17.06,13-Sep-20,15-Sep-20,334.75,"5678 Office Road
San Francisco, CA 94103",6.76328E+11
138,Ella King,37,william39@cole-whitehead.biz,FALSE,SUITE,17.25,18-May-20,21-May-20,290.85,"295 Armstrong Mall Apt. 768
Lake Robert, VT 59217",6011256591603404
139,Matthew Allen,48,bushandrew@freeman-fox.info,FALSE,BASIC,24.35,5-Jun-20,8-Jun-20,142.4,"5678 Office Road
San Francisco, CA 94103",3.70174E+14
140,Abigail Scott,39,knightjose@rodgers.com,FALSE,BASIC,48.12,20-Nov-20,22-Nov-20,186.76,"5722 Rachel Cape
East Taylor, NC 73091",3558131351596781
141,Anthony Green,30,kenneth46@kim-taylor.com,FALSE,BASIC,22.52,9-Jun-20,12-Jun-20,214.26,"719 Tammy Cove Suite 832
Gregoryville, WV 39515",3.0278E+13
142,Lily Baker,41,oburgess@graves.info,FALSE,BASIC,21.33,27-Aug-20,29-Aug-20,186.94,"48130 Dougherty Mews
Lake Brendaland, CO 39494",3546683304217167
143,Donald Adams,32,scoleman@golden-cole.org,TRUE,SUITE,0,9-Jul-20,12-Jul-20,267.51,"918 Andrew Club
South Elaineburgh, VA 71836",4654744543680874
144,Chloe Nelson,43,vickie49@garcia.com,FALSE,BASIC,,19-Dec-20,22-Dec-20,110.65,"862 Mueller Creek Apt. 492
Whiteland, WY 55940",2.13196E+14
145,Mark Gonzalez,34,juanwatson@chung.org,TRUE,SUITE,0,20-Feb-20,21-Feb-20,204.06,"5678 Office Road
San Francisco, CA 94103",4432016585990225
146,Madison Carter,45,zacharyobrien@bailey-jones.org,FALSE,BASIC,18.02,10-Sep-20,11-Sep-20,148.29,"08424 Jared Locks
New Margaretville, NV 61123",3.78967E+14
147,Paul Mitchell,36,cindy15@graves.com,FALSE,BASIC,44.58,30-Sep-20,1-Oct-20,118.29,"7874 Joshua Hills Apt. 837
Fullerfort, HI 81547",3.01992E+13
148,Sofia Perez,27,anthonybond@nguyen-white.info,FALSE,BASIC,31.04,30-Jul-20,1-Aug-20,119,"24740 Hart Port Apt. 837
Donnaton, GA 07999",4749975942425522
149,Edward Roberts,38,mariabaird@hooper.org,FALSE,BASIC,38.82,28-Feb-20,1-Mar-20,108.25,"7387 Armstrong Dale
Martinhaven, LA 76404",4121896256427227
150,Lucy Turner,49,alisonblackburn@houston.info,TRUE,SUITE,0,11-Jun-20,12-Jun-20,205.47,"41538 Kevin Court Suite 962
Port Aaronburgh, OH 90832",4.59163E+12
151,Brian Phillips,40,samuelbrown@smith.com,TRUE,BASIC,0,27-Sep-20,28-Sep-20,161.63,"77 Massachusetts Ave
Cambridge, MA 02139",2278369833354665
152,Grace Campbell,31,wuanna@lee-berry.biz,FALSE,BASIC,30.7,30-Jun-20,3-Jul-20,131.98,"9280 Laura Prairie Suite 706
Romerochester, MD 18961",3.04142E+13
153,Ronald Parker,42,ramirezelizabeth@sullivan.com,FALSE,BASIC,21.67,20-Nov-20,23-Nov-20,106.92,"5678 Office Road
San Francisco, CA 94103",3537935255557566
154,Zoe Evans,33,leefrancis@rodriguez.biz,FALSE,BASIC,14.29,31-May-20,1-Jun-20,129.68,"1234 Corporate Drive
Boston, MA 02116",4411263398291038
155,Gary Edwards,44,zpatterson@beltran-perez.com,FALSE,BASIC,22.66,19-Feb-20,22-Feb-20,127.26,"347 Thompson Prairie Suite 657
East Michelleport, PA 68731",3.43625E+14
156,Stella Collins,35,vfloyd@conrad-lee.net,FALSE,BASIC,13.61,2-May-20,5-May-20,133.85,"5678 Office Road
San Francisco, CA 94103",3.72699E+14
157,Timothy Stewart,26,ibush@perry-jordan.com,FALSE,BASIC,13.46,22-Sep-20,25-Sep-20,287.4,"6409 Navarro Mountain Apt. 363
North Davidbury, NV 71685",3.45195E+14
158,Luna Morris,37,johnkoch@burke.biz,FALSE,BASIC,19.46,14-Jan-20,15-Jan-20,119.4,"74861 Teresa Passage
Port Judith, NC 60578",4.48093E+12
159,Jason Bailey,48,blakemichael@elliott.info,FALSE,BASIC,33.15,11-Oct-20,14-Oct-20,105.59,"77 Massachusetts Ave
Cambridge, MA 02139",4257690684249055
160,Mila Flores,39,robertoortega@lamb-hall.com,FALSE,BASIC,23.51,2-Sep-20,4-Sep-20,120.83,"5678 Office Road
San Francisco, CA 94103",6.76297E+11
161,Jeffrey Brooks,30,howellmaria@williams-fletcher.org,FALSE,DELUXE,36.27,12-Jun-20,14-Jun-20,185.52,"5678 Office Road
San Francisco, CA 94103",2.13102E+14
162,Leah Bell,41,longbianca@fletcher.com,FALSE,BASIC,21.22,21-Jul-20,22-Jul-20,134.76,"1234 Corporate Drive
Boston, MA 02116",4680185259803409923
163,Frank Simmons,32,hammonddonna@austin-stewart.com,FALSE,BASIC,,24-Apr-20,27-Apr-20,124.79,"20184 Johnston Stravenue
Williamberg, WA 79350",1.80019E+14
164,Ellie Rivera,43,samanthacraig@stuart.com,FALSE,BASIC,,15-Nov-20,16-Nov-20,128.4,"5678 Office Road
San Francisco, CA 94103",4501453483101314
165,Kevin Cruz,34,christopherlane@knight.com,FALSE,BASIC,11.28,6-Jul-20,7-Jul-20,111.39,"65278 Jessica Park Apt. 006
Chaveztown, ME 95080",4021904113272082
166,Victoria Reed,45,robertomorris@long.com,TRUE,SUITE,0,7-Dec-20,10-Dec-20,230.38,"77 Massachusetts Ave
Cambridge, MA 02139",5.61674E+11
167,Jerry Bryant,36,lisageorge@sherman.com,TRUE,DELUXE,0,6-Nov-20,9-Nov-20,152.06,"5678 Office Road
San Francisco, CA 94103",6567697554048087
168,Violet Grant,27,shannonwilliams@wilson-kennedy.com,FALSE,BASIC,36.19,11-Nov-20,14-Nov-20,133.69,"Unit 5157 Box 0618
DPO AA 28688",3.05388E+13
169,Dennis Alexander,38,nicole04@brewer.info,FALSE,BASIC,25.13,19-Apr-20,22-Apr-20,114.86,"25564 Foster Mountains
Aliciatown, NJ 85758",4.50396E+12
170,Hazel Hunt,49,bbrown@newton.com,FALSE,BASIC,,16-Nov-20,17-Nov-20,106.56,"114 Hansen Gateway Apt. 540
New Angela, VT 46975",5.77278E+11
171,Walter Russell,40,brandondodson@washington-melendez.com,FALSE,BASIC,1.34,31-Jan-20,3-Feb-20,133.07,"5678 Office Road
San Francisco, CA 94103",3.45726E+14
172,Autumn Gomez,31,watsonlaura@mosley.biz,FALSE,BASIC,22.83,19-Apr-20,24-Apr-20,109.91,"77 Massachusetts Ave
Cambridge, MA 02139",5.01829E+11
173,Patrick Fisher,42,kathystuart@smith.com,FALSE,BASIC,19.53,23-Dec-20,24-Dec-20,185.1,"49487 Castillo Summit Apt. 010
Charlesshire, NY 30110",5.72923E+11
174,Scarlett Hayes,33,colleenharvey@barnett.com,FALSE,BASIC,26.17,8-Apr-20,9-Apr-20,131.28,"1234 Corporate Drive
Boston, MA 02116",6011247658549580
175,Raymond Henderson,44,obrienbrenda@gentry.biz,FALSE,BASIC,11.62,25-Feb-20,27-Feb-20,132.06,"5678 Office Road
San Francisco, CA 94103",3554356011481199
176,Willow Freeman,34,shannon70@stewart-brown.org,FALSE,BASIC,17.92,30-Aug-20,31-Aug-20,122.23,"4274 Haynes Alley Apt. 017
North Sharon, AZ 71154",5.018E+11
177,Carl Foster,36,dustin75@pierce.com,FALSE,BASIC,19.85,18-Jun-20,21-Jun-20,118.93,"5678 Office Road
San Francisco, CA 94103",3.0167E+13
178,Addison West,33,dterry@steele-guerrero.com,FALSE,BASIC,22.88,29-Jun-20,30-Jun-20,101.85,"20185 Devin Junction Suite 985
New Damonshire, PA 92492",3.00322E+13
179,Roger Gordon,35,nthomas@robles-davis.com,TRUE,DELUXE,0,31-Dec-20,1-Jan-21,208.18,"46181 Aguilar Passage Suite 916
Lake Phillip, NC 25168",4020522638259623
180,Kennedy Porter,37,taylormary@howard.biz,FALSE,SUITE,32.64,13-Jul-20,18-Jul-20,258.9,"00536 Brittany Ways Suite 827
North Emily, NJ 05837",4.09966E+12
181,Arthur Wells,38,parkernicole@glover-steele.com,FALSE,BASIC,38.97,24-Aug-20,27-Aug-20,152.26,"440 Caitlin Circles
Tinatown, WI 85333",2594188935837030
182,Penelope Warren,32,gerald03@bridges-vaughn.net,FALSE,BASIC,7.94,6-Jul-20,7-Jul-20,110.61,"6035 Guzman Knolls
Cooketon, KS 79826",3532661818556094
183,Albert Fox,34,leah69@garner.com,FALSE,BASIC,,10-Jul-20,11-Jul-20,117.41,"5678 Office Road
San Francisco, CA 94103",5.03809E+11
184,Riley Dunn,36,williamsnatalie@briggs-green.com,TRUE,SUITE,0,4-Dec-20,6-Dec-20,216.05,"77 Massachusetts Ave
Cambridge, MA 02139",4.91197E+12
185,Bruce Burke,35,malikromero@wolfe.org,FALSE,BASIC,3.61,28-Sep-20,30-Sep-20,107.11,"7150 Jose Neck
West Bobby, NH 57804",6.76338E+11
186,Zoey Reed,37,ericawade@spencer.com,FALSE,DELUXE,23.63,23-May-20,26-May-20,191.92,"5678 Office Road
San Francisco, CA 94103",6.39081E+11
187,Harold Morales,33,chelsea98@compton.biz,FALSE,BASIC,8.41,17-Sep-20,20-Sep-20,132.34,"77 Massachusetts Ave
Cambridge, MA 02139",3506479827172221
188,Vivian Bryant,34,sarah16@hall.info,FALSE,BASIC,9.7,5-Aug-20,6-Aug-20,113.27,"77 Massachusetts Ave
Cambridge, MA 02139",3576967276323126
189,Jack Lawson,35,jorgeboyle@campos.com,FALSE,BASIC,9.7,28-Aug-20,29-Aug-20,105.67,"993 Rebecca Landing
Jesseburgh, PA 05072",1.80053E+14
190,Savannah Hart,36,michael92@keller.com,FALSE,BASIC,11.5,26-May-20,27-May-20,111.32,"1234 Corporate Drive
Boston, MA 02116",2.13109E+14
191,Ralph Nichols,37,meganli@mitchell-vazquez.org,FALSE,DELUXE,5.06,21-Nov-20,25-Nov-20,200.79,"5678 Office Road
San Francisco, CA 94103",4.56012E+12
192,Ariana Crawford,38,boyerkyle@mcbride.com,TRUE,BASIC,0,5-May-20,6-May-20,143.26,"633 Kelly Forges
Lake Matthew, TN 86821",2717827888706732
193,Roy Henry,32,ashley21@gonzales.info,FALSE,BASIC,13.43,19-Apr-20,20-Apr-20,146.34,"Unit 9902 Box 5493
DPO AA 83293",2.13158E+14
194,Camila Boyd,33,michael60@payne.net,FALSE,BASIC,36.19,20-Apr-20,22-Apr-20,126.77,"1234 Corporate Drive
Boston, MA 02116",4332400220206103627
195,Joe Mason,34,griffinwilliam@leblanc.com,FALSE,BASIC,11.44,8-Jul-20,10-Jul-20,107.42,"5678 Office Road
San Francisco, CA 94103",3581926549217864
196,Alexa Sims,35,cbutler@sanchez.org,FALSE,BASIC,19.6,23-Aug-20,,149.74,"75053 Stephanie Mall Suite 825
Shieldsbury, GA 52155",4196605965317078
197,Ernest Tucker,36,cblankenship@pierce.com,TRUE,SUITE,0,27-Dec-20,30-Dec-20,220.58,"77 Massachusetts Ave
Cambridge, MA 02139",3500396077789726
198,Kylie Silva,37,schultzcheryl@terrell-jones.com,FALSE,BASIC,22.88,27-Dec-20,31-Dec-20,115.8,"878 Carolyn Dale
Johnhaven, DC 08878",2.13156E+14
199,Wayne Rhodes,38,thomas93@miller.com,FALSE,DELUXE,2.05,28-Oct-20,29-Oct-20,224.9,"945 Jamie Viaduct Apt. 964
Lake Brendaport, ME 27207",3591021343041633
200,Gabriella Watkins,32,lisa42@wells.com,FALSE,BASIC,40.2,17-Dec-20,19-Dec-20,137.26,"73798 Benjamin Parkways
West Jocelynland, NV 56005",4493828665797237867
201,Alan Webb,33,mnash@jackson-miller.info,FALSE,BASIC,23.26,30-Apr-20,2-May-20,133.1,"61530 Robert Point
Port Heather, NV 08530",3592708389765138
202,Brooklyn Torres,34,noahlee@smith.com,FALSE,BASIC,6.76,31-Jan-20,3-Feb-20,106.35,"27819 Jillian Street Suite 431
West Kimbury, CO 74361",2.13177E+14
203,Russell Freeman,35,wardsarah@lewis.com,FALSE,BASIC,33.41,27-Jun-20,1-Jul-20,110.91,"9104 Weiss Brooks Apt. 714
Port Angelamouth, ME 37951",3.01161E+13
204,Jasmine Sanders,36,srobinson@rowe.net,FALSE,BASIC,12.27,13-Feb-20,16-Feb-20,103.66,"49000 Johnson Cliffs Apt. 103
Jeremiahmouth, VA 47676",4.17736E+12
205,Philip Chapman,37,shanemunoz@martin.com,FALSE,BASIC,1.49,3-Sep-20,9-Sep-20,124.4,"1234 Corporate Drive
Boston, MA 02116",4407779383505781
206,Isabelle Reyes,38,jameswalker@cortez-rhodes.info,FALSE,BASIC,24.68,2-Aug-20,7-Aug-20,120.66,"67672 Wagner Lane
Ramoshaven, MI 94449",6.30411E+11
207,Johnny Hunt,32,pfitzgerald@young.com,FALSE,DELUXE,23.57,18-Sep-20,21-Sep-20,226.04,"5678 Office Road
San Francisco, CA 94103",3.71396E+14
208,Gianna Mendoza,33,qpowers@castro-wood.com,FALSE,BASIC,17.68,5-May-20,8-May-20,124.83,"38480 Erin Knolls
Deleonland, NV 46652",2240428222846619
209,Vincent Armstrong,34,brandon12@baxter.org,FALSE,DELUXE,15.35,12-Sep-20,15-Sep-20,188.9,"84282 Ward Branch Apt. 401
East Cynthia, IA 61842",2662082222760400
210,Julia Carpenter,35,matthewsmith@zimmerman.org,FALSE,DELUXE,,14-Jun-20,15-Jun-20,340.92,"77 Massachusetts Ave
Cambridge, MA 02139",2.13149E+14
211,Lawrence Newman,36,anthony26@mosley.com,FALSE,DELUXE,25.52,11-Nov-20,12-Nov-20,182.17,"5759 Davis Crossroad
Amandaland, AK 45933",5.03872E+11
212,Delilah Hawkins,37,leetiffany@mack.biz,FALSE,DELUXE,10.91,6-Dec-20,9-Dec-20,180.28,"1344 Elizabeth Spurs
East Gordon, HI 25949",3.76762E+14
213,Norman Peters,38,ann70@jones.com,FALSE,BASIC,18.94,28-Aug-20,29-Aug-20,110.91,"712 William Spurs
Barbaraburgh, WV 29162",3.79874E+14
214,Valeria Wagner,32,sarah48@gonzalez.org,FALSE,BASIC,23.48,5-Mar-20,7-Mar-20,133.94,"77 Massachusetts Ave
Cambridge, MA 02139",4769605776491408
215,Clarence Harper,33,tcannon@smith.com,FALSE,BASIC,21.27,12-Oct-20,14-Oct-20,114.16,"1234 Corporate Drive
Boston, MA 02116",6011769910661887
216,Isabel George,34,chambersaaron@stanley-potts.org,FALSE,DELUXE,10.04,28-Jun-20,1-Jul-20,187.93,"091 Matthew Valley Apt. 219
Austinburgh, NY 08530",6517761529920951
217,Sean Elliott,35,zdecker@gomez.net,TRUE,SUITE,0,28-Dec-20,29-Dec-20,206.55,"77 Massachusetts Ave
Cambridge, MA 02139",4275822151146450
218,Annabelle Pierce,36,shafferjamie@blake.info,FALSE,BASIC,23.44,1-Apr-20,3-Apr-20,187.61,"750 Timothy Islands Suite 561
South Travisfort, MN 59519",2234198582157943
219,Jesse Ray,37,morrispaul@banks.info,FALSE,BASIC,,6-Oct-20,9-Oct-20,110.77,"93978 Megan Valley Apt. 005
Robertsonfort, NY 51831",1.80045E+14
220,Angelina Jordan,38,loriwoods@barnes.com,TRUE,SUITE,0,12-Apr-20,14-Apr-20,206.82,"674 Jasmine Street
Trevorport, ID 53983",4015179235277275609
221,Randy Boyd,32,keithkim@cooke.com,FALSE,DELUXE,29.4,21-Sep-20,24-Sep-20,192.77,"1234 Corporate Drive
Boston, MA 02116",3.70011E+14
222,Jocelyn Morales,33,angelawalker@bray.biz,FALSE,BASIC,21.27,20-Feb-20,21-Feb-20,108.96,"USNS Rodriguez
FPO AP 12664",4835290788128981
223,Louis Guzman,34,hoopercameron@fleming.net,FALSE,BASIC,22.35,13-Oct-20,15-Oct-20,115.92,"1234 Corporate Drive
Boston, MA 02116",3.00675E+13
224,Adalyn Black,35,dicksonjames@george-hughes.com,FALSE,DELUXE,15.24,15-Mar-20,16-Mar-20,251.34,"5678 Office Road
San Francisco, CA 94103",3.00045E+13
225,Earl Dean,36,ygeorge@glover-adams.info,FALSE,BASIC,22.97,9-Oct-20,10-Oct-20,112.85,"5678 Office Road
San Francisco, CA 94103",4.24169E+12
226,London Lynch,37,jamesnguyen@martinez.com,FALSE,BASIC,11.3,12-Oct-20,15-Oct-20,119.11,"882 Mason Trace
Chelseyside, MO 34260",5.62459E+11
227,Francis Jimenez,38,hernandezbrian@hill.org,FALSE,BASIC,17.6,16-Sep-20,18-Sep-20,113.89,"0215 Chase Roads Suite 951
Port Joshua, MS 80335",3.7927E+14
228,Skylar Diaz,32,brookssarah@thomas.com,FALSE,BASIC,24.96,27-Nov-20,29-Nov-20,116.58,"1854 Davis Pine Apt. 637
Port Alison, NE 08642",3.00046E+13
229,Leonard Stone,33,rchambers@ritter.org,FALSE,DELUXE,,7-Dec-20,10-Dec-20,220.59,"300 Logan Alley
West Markport, NE 43825",5.72993E+11
230,Angelica Farmer,34,aarondiaz@williams.com,FALSE,BASIC,34.2,20-Apr-20,21-Apr-20,134.18,"41538 Kevin Court Suite 962
Port Aaronburgh, OH 90832",4.49396E+12
231,Glenn Ferguson,35,elainetaylor@hawkins.com,FALSE,BASIC,16.8,8-Sep-20,,114.27,"1234 Corporate Drive
Boston, MA 02116",3539390208908664
232,Madelyn Snyder,36,elizabethedwards@edwards.net,FALSE,BASIC,34.92,3-Aug-20,4-Aug-20,107.92,"9280 Laura Prairie Suite 706
Romerochester, MD 18961",6576864934777079
233,Warren Nichols,37,ortegaalexander@powell.org,FALSE,BASIC,6.02,5-May-20,7-May-20,117.56,"5722 Rachel Cape
East Taylor, NC 73091",6590793265514458
234,Elise Stokes,38,tinamanning@boyd.com,FALSE,BASIC,22.31,2-Jan-21,,146.18,"9257 Daniel Street
Tiffanyville, MI 04016",6011518346776540
235,Frederick Weaver,32,jeremy21@brown.com,FALSE,BASIC,31.93,26-May-20,27-May-20,119.74,"30650 Robert Garden Suite 022
New Antonio, TX 88663",3586146493188103
236,Juliana Prince,33,hillmichael@robertson.info,FALSE,BASIC,10.02,25-Mar-20,27-Mar-20,117.68,"5678 Office Road
San Francisco, CA 94103",2233643882974274
237,Benjamin Franklin,34,tarabooth@herman-russell.com,TRUE,SUITE,0,1-Nov-20,3-Nov-20,203.29,"5678 Office Road
San Francisco, CA 94103",6501561598533208
238,Summer Armstrong,35,jack98@riley-roberson.biz,FALSE,BASIC,22.54,20-May-20,24-May-20,154.27,"853 Alexandra Center Apt. 179
East Christineville, TX 71641",1.80006E+14
239,Harry Dunn,36,gibsonstacy@armstrong-jensen.com,FALSE,BASIC,7.14,5-Dec-20,7-Dec-20,104.52,"4011 Butler Drive
Sharonview, MN 53592",3575200910552640
240,Destiny Douglas,37,colin60@rivas-foster.com,FALSE,DELUXE,8.56,23-Jun-20,24-Jun-20,180.57,"958 Beverly Bypass
South Ronald, GA 46368",4312430596956635
241,Jesse Hoffman,38,elizabethtran@ford-mitchell.biz,FALSE,BASIC,,26-Nov-20,29-Nov-20,113.79,"299 Tracie Prairie Apt. 867
Millerfurt, TX 20285",3.7345E+14
242,Serena Holland,32,lauradavis@martinez.com,FALSE,BASIC,15.08,17-Mar-20,19-Mar-20,120.79,"94862 Jeffrey Estates Apt. 852
Williamsside, AL 41091",3559291347503108
243,Raymond Spencer,33,aprilhorton@thomas.com,FALSE,BASIC,15.7,3-Dec-20,,121.01,"USS Green
FPO AA 34533",6011242680837301
244,Alaina Lawson,34,kayleepotts@huff-crawford.com,FALSE,BASIC,45.5,25-Oct-20,27-Oct-20,109.36,"721 Diane Manor
Russellborough, UT 64205",4925086696493230789
245,Clifford Montgomery,35,harrischristina@carrillo.com,FALSE,BASIC,,23-Aug-20,25-Aug-20,114.69,"1854 Davis Pine Apt. 637
Port Alison, NE 08642",4.45757E+12
246,Kinsley Sullivan,36,cathynelson@robles-williams.com,FALSE,BASIC,27.91,18-Apr-20,20-Apr-20,110.95,"1234 Corporate Drive
Boston, MA 02116",6.75939E+11
247,Edwin Graham,37,randy19@rodriguez.info,TRUE,SUITE,0,1-Dec-20,2-Dec-20,203.29,"2842 Joseph Causeway
Martinshire, NJ 43419",4840115188603536
248,Alana Palmer,38,smithdesiree@watson.biz,FALSE,BASIC,20.6,15-May-20,17-May-20,115.56,"361 Compton Harbor
Yvetteland, KS 17306",1.80099E+14
249,Philip Butler,32,carsonnathan@singleton.com,FALSE,BASIC,24.99,27-Mar-20,29-Mar-20,110.04,"9525 Adkins Valleys Apt. 059
Michaelfort, UT 59519",3.01887E+13
250,Quinn Schmidt,33,jennifermoore@butler-barnett.biz,FALSE,BASIC,,15-Sep-20,17-Sep-20,130.54,"77 Massachusetts Ave
Cambridge, MA 02139",4090548868826299
251,Marvin Hayes,34,hollandkeith@smith.com,TRUE,BASIC,0,25-Nov-20,27-Nov-20,97.37,"77 Massachusetts Ave
Cambridge, MA 02139",3501156498839321
252,Raegan Warren,35,wanda84@ramos-ferguson.net,FALSE,DELUXE,26.65,25-Oct-20,27-Oct-20,227.66,"3654 Michelle Neck
Ryanport, IA 84925",6.75997E+11
253,Bernard Stanley,36,scook@allen.com,FALSE,BASIC,22.96,29-Sep-20,1-Oct-20,140.29,"224 Janice Crest
Woodstown, PA 14467",3.04859E+13
254,Emery Pena,37,sean64@woods.org,FALSE,BASIC,11.31,8-Dec-20,11-Dec-20,149.37,"546 Shannon Loaf Apt. 128
Tarabury, MS 01812",4.46179E+12
255,Rodney Fields,38,tabithacarter@barnes.org,FALSE,BASIC,,29-Nov-20,1-Dec-20,167.25,"73798 Benjamin Parkways
West Jocelynland, NV 56005",3.44628E+14
256,Emerson Vega,32,sharon41@cook-hartman.com,FALSE,BASIC,30.02,30-Apr-20,2-May-20,140.18,"55826 Miller Place Apt. 914
North Rachelview, MD 21209",4.62989E+12
257,Melvin Guzman,33,garciascott@hill.com,FALSE,BASIC,11.63,6-Aug-20,8-Aug-20,117.01,"0323 Lisa Station Apt. 208
Port Thomas, LA 82585",4053566065621425119
258,Everly Glass,34,catherine16@allen.com,FALSE,BASIC,31.13,13-Apr-20,17-Apr-20,177.72,"0156 Russell Trail Apt. 291
Port Scottchester, IA 23231",3.49203E+14
259,Chester Castro,35,sarah21@anderson.com,FALSE,BASIC,26.04,26-Jan-20,27-Jan-20,107.94,"3274 Olson Spurs Suite 173
New Stevenstad, RI 09284",4235847312059101
260,Harmony Robles,36,castromelissa@scott-flores.com,FALSE,BASIC,19.93,21-May-20,22-May-20,119.39,"0784 Todd Manors
Jonesmouth, WY 42593",4150943237171848754
261,Calvin Love,37,grantronald@durham.org,FALSE,BASIC,15.82,6-Jun-20,8-Jun-20,147.45,"67672 Wagner Lane
Ramoshaven, MI 94449",3518707239257156
262,Teagan Ochoa,38,evan54@peterson.com,FALSE,BASIC,9.56,24-Jun-20,27-Jun-20,115.07,"961 Garcia Brook Apt. 841
Lake Mackenzieside, ID 35690",4595200078272209
263,Bill Christian,32,michaela90@leonard-baker.com,FALSE,BASIC,10.53,12-Dec-20,14-Dec-20,141.06,"653 Brianna Mill
Burtonview, TX 66595",1.80003E+14
264,Journee Combs,33,michele69@hughes.com,FALSE,BASIC,14.86,5-Jan-20,7-Jan-20,108.99,"941 Samantha Port
North Ashley, DC 89806",2235318115282997
265,Alfredo Duke,34,qfigueroa@allen.net,FALSE,BASIC,2.9,16-Nov-20,17-Nov-20,111.7,"853 Alexandra Center Apt. 179
East Christineville, TX 71641",5.81095E+11
266,Juniper David,35,yvonnehanna@jones-reed.net,FALSE,BASIC,18.62,20-Feb-20,22-Feb-20,134.68,"85723 Gross Fields
East Elizabeth, OK 05536",3500104756346317
267,Kent Hoover,36,chad71@wilson.org,FALSE,DELUXE,40.25,10-Nov-20,12-Nov-20,215.93,"3020 Russell Spurs
West Ericmouth, OK 15209",6011859968028590
268,Leila Dalton,37,alexander84@stewart.com,FALSE,SUITE,,10-Dec-20,14-Dec-20,316.5,"1234 Corporate Drive
Boston, MA 02116",3.47319E+14
269,Darrell Ayers,38,tara01@hayes.com,FALSE,BASIC,15.31,11-Nov-20,13-Nov-20,118.73,"77 Massachusetts Ave
Cambridge, MA 02139",4161850979433576289
270,Jolie Hines,32,phale@barrett-jones.com,FALSE,BASIC,28.25,17-Jan-20,18-Jan-20,127.06,"299 Tracie Prairie Apt. 867
Millerfurt, TX 20285",4571686251590870
271,Ricky Bowman,33,woodjulie@barrett-wright.org,FALSE,BASIC,9.35,17-Jan-20,,137.57,"862 Mueller Creek Apt. 492
Whiteland, WY 55940",4579317592466735
272,Rosie Mcintosh,34,todd23@payne-dean.com,FALSE,BASIC,21.34,3-Jan-21,5-Jan-21,132.05,"74489 Simmons Trail
Valdezstad, GA 17568",4628655862037822
273,Neal Terry,35,david95@torres.com,FALSE,BASIC,11.28,27-Jul-20,30-Jul-20,105.46,"45274 Andrew Bridge
New Elizabethton, FL 05037",4055523501411182
274,Jolene Bright,36,lori70@jackson.com,FALSE,BASIC,25.82,25-Feb-20,,111.36,"49487 Castillo Summit Apt. 010
Charlesshire, NY 30110",4181390394522039
275,Rex Atkinson,37,williammcdaniel@martinez-bennett.com,FALSE,BASIC,16.31,9-Dec-20,12-Dec-20,185.03,"916 Odom Center
New Sarahburgh, KY 61158",4873069652530693
276,Ariella Moon,38,jamesnelson@carrillo.com,FALSE,DELUXE,8.48,27-Sep-20,28-Sep-20,180.79,"65278 Jessica Park Apt. 006
Chaveztown, ME 95080",3573877538198229
277,Byron Wiggins,32,sullivanjoshua@dorsey-obrien.com,FALSE,BASIC,,27-Sep-20,29-Sep-20,137.67,"PSC 3710, Box 0259
APO AA 17597",4214783741962784604
278,Joelle Booker,33,hortiz@acevedo-ramos.com,FALSE,SUITE,24.42,12-Jun-20,16-Jun-20,263.12,"28037 Janice Causeway
Pierceshire, MO 81176",4703808880470479
279,Morris Stout,34,katherinegarcia@ford.net,FALSE,SUITE,33.03,1-Feb-20,2-Feb-20,304.77,"5678 Office Road
San Francisco, CA 94103",4747411484619647
280,Justice Mckee,35,elizabeth25@cortez-cummings.com,FALSE,DELUXE,9.77,24-Jan-20,25-Jan-20,184.22,"29097 Baxter Cliff
Michaelport, MT 21263",3.86686E+13
281,Julius Hood,36,alexanderlaura@hutchinson.com,FALSE,BASIC,,28-Nov-20,1-Dec-20,121.09,"193 Sanchez Camp Apt. 031
North Christopher, ME 09207",6.75952E+11
282,Joyce Becker,37,barbara31@frazier.com,FALSE,BASIC,13.41,14-Feb-20,16-Feb-20,102.65,"77 Massachusetts Ave
Cambridge, MA 02139",4977300248807401
283,Rudy Gay,38,michael86@olson.com,FALSE,DELUXE,22.44,7-Jan-21,8-Jan-21,194.26,"5678 Office Road
San Francisco, CA 94103",5.02003E+11
284,Janiyah Potts,32,brownerik@davis.com,FALSE,SUITE,36.69,24-Aug-20,26-Aug-20,308.82,"41459 Sarah Ranch
Floresview, ND 01693",5.65467E+11
285,Clark Pate,33,aaron27@rowland-miller.net,FALSE,DELUXE,11.61,23-Oct-20,25-Oct-20,179.48,"480 David Greens Apt. 032
Dominicbury, OH 38657",6577854021885546
286,Jewel Hancock,34,sandrajohnson@robinson.com,FALSE,BASIC,17.31,31-Dec-20,2-Jan-21,165.74,"348 Tara Ways Apt. 872
Brownton, NY 98063",2719207979305587
287,Willis Dunlap,35,johnrivera@gomez.biz,FALSE,BASIC,13.23,26-Aug-20,28-Aug-20,109.82,"77 Massachusetts Ave
Cambridge, MA 02139",4.58462E+12
288,Priscilla Burch,36,olsenjennifer@krueger-brewer.com,FALSE,BASIC,20.41,26-Sep-20,,119.08,"PSC 0368, Box 3335
APO AE 77156",3566923088234268
289,Dewey Hodge,37,rodriguezcatherine@torres.com,FALSE,BASIC,18.32,29-Feb-20,,101.25,"54807 Christopher Valley Apt. 464
Lake Chris, NJ 42540",4727176836057358
290,Kallie Swanson,38,david80@rodgers.biz,FALSE,BASIC,12.09,3-Aug-20,6-Aug-20,159.06,"2657 Shawn Islands Apt. 889
Peterfurt, DE 17403",3.00562E+13
291,Guillermo Dudley,32,danielspears@kim-murray.com,FALSE,DELUXE,11.07,21-Sep-20,22-Sep-20,183.37,"5678 Office Road
San Francisco, CA 94103",6011610934430810
292,Kinley Berger,33,samuel60@mcdowell.info,FALSE,DELUXE,22.56,18-Dec-20,19-Dec-20,186.73,"97222 Austin Corner
New Kelly, NE 55622",5.01835E+11
293,Amos Donovan,34,robert97@francis-monroe.com,FALSE,BASIC,21.91,17-Jan-20,20-Jan-20,105.59,"0215 Chase Roads Suite 951
Port Joshua, MS 80335",3.02978E+13
294,Kadence Coffey,35,xhamilton@leblanc-orr.com,FALSE,BASIC,19.75,31-Dec-20,1-Jan-21,107.44,"1234 Corporate Drive
Boston, MA 02116",4066323249832279
295,Elton Daugherty,36,flowersjeremy@rodriguez.net,FALSE,BASIC,27.01,22-May-20,25-May-20,163.02,"6681 Fisher Harbor Suite 825
South Rebecca, WY 76598",4519483367471899389
296,Karter Herring,37,ngomez@berry.net,TRUE,BASIC,0,16-Feb-20,17-Feb-20,92.07,"5678 Office Road
San Francisco, CA 94103",3.81105E+13
297,Kieran Rosales,38,thomasbaker@baker.info,FALSE,BASIC,27.46,23-Apr-20,28-Apr-20,149.16,"7783 Kathryn Burg Apt. 875
Callahanmouth, CO 35932",4.48504E+12
298,Kensley Emerson,32,mary30@newman.com,TRUE,DELUXE,0,5-Mar-20,6-Mar-20,156.84,"12857 Love Estate
Miguelmouth, TX 40816",4.92818E+12
299,Blaine Faulkner,33,ngonzales@hebert.com,FALSE,BASIC,14.44,18-Jan-20,19-Jan-20,128.39,"878 Carolyn Dale
Johnhaven, DC 08878",3.0185E+13
300,Kiera Eastman,34,dscott@anderson-hatfield.info,FALSE,DELUXE,37.87,8-Mar-20,10-Mar-20,187.11,"454 Jennifer Port
New Sandra, NY 05178",4315063507700022458
301,Boyd Whitney,35,victoriaortiz@williams.com,FALSE,BASIC,16.65,9-Apr-20,11-Apr-20,130.79,"600 Black Rapid
Lunamouth, RI 42710",3553661959470232
302,Kenley Allred,36,tharris@smith.biz,FALSE,BASIC,13.39,10-Sep-20,12-Sep-20,367.35,"77 Massachusetts Ave
Cambridge, MA 02139",1.80085E+14
303,Emmitt Bowers,37,baxtertami@flores-allison.com,FALSE,BASIC,9.24,24-Apr-20,25-Apr-20,138.59,"77 Massachusetts Ave
Cambridge, MA 02139",2221829027386359
304,Kensington Andrews,38,cassandramiller@sheppard.com,FALSE,BASIC,29.67,1-Feb-20,2-Feb-20,133.31,"750 Timothy Islands Suite 561
South Travisfort, MN 59519",6.3901E+11
305,Jermaine Pitts,32,doylebeth@terrell.com,FALSE,DELUXE,,1-Jun-20,4-Jun-20,187.48,"12287 Samuel Manors
West Christopher, NC 97267",2230680240286432
306,Karma Aldridge,33,charles01@sullivan-jackson.org,FALSE,BASIC,9.04,29-Jan-20,30-Jan-20,155.2,"5678 Office Road
San Francisco, CA 94103",3.04557E+13
307,Jamison Riddle,34,shawnmarshall@jefferson.net,FALSE,BASIC,33.72,9-Jul-20,13-Jul-20,178.19,"8320 Lydia Shores Suite 406
Lake Arthur, SC 20602",2.13111E+14
308,Kamryn Abramson,35,tonya44@miller.com,FALSE,BASIC,17.61,18-Sep-20,19-Sep-20,103.66,"USNV Munoz
FPO AE 38603",4561422003901286
309,Stefan Stokes,36,tonyabaker@cook.com,FALSE,BASIC,8.89,16-May-20,17-May-20,105.05,"1234 Corporate Drive
Boston, MA 02116",4.44006E+12
310,Karsyn Aguirre,37,jjensen@ellison.com,FALSE,DELUXE,25.34,31-Jan-20,2-Feb-20,339.31,"791 Tony Knolls
Lake Saraburgh, KY 85096",2265367536659583
311,Yamamoto Haruki,38,leekristen@medina.org,FALSE,DELUXE,24.17,29-Jan-20,31-Jan-20,205.75,"87614 Cindy Burgs
Jenniferhaven, NV 07708",4184185041822159371
312,Park Jimin,32,robin78@turner.info,FALSE,BASIC,16.42,26-Jul-20,30-Jul-20,122.86,"33825 Moreno Motorway Apt. 198
Lake Daniel, NM 92683",5251634096288270
313,Vladimir Ivanov,33,schroederanthony@brooks-chavez.com,FALSE,SUITE,17.66,14-Jan-20,16-Jan-20,285.27,"221 Lopez Bypass Suite 004
Benjaminchester, ME 19764",6.76185E+11
314,Isabella Brown,34,millervalerie@brown.biz,FALSE,BASIC,34.77,14-Apr-20,,160.15,"703 Edwards Orchard Apt. 348
North William, AL 38402",4259706469440053
315,Lucas Silva,35,michealward@gonzalez.com,FALSE,BASIC,15.28,28-Apr-20,30-Apr-20,144.74,"USNV Shaw
FPO AA 48544",3.02761E+13
316,Julia Santos,36,vturner@sullivan.com,FALSE,BASIC,7.76,16-May-20,18-May-20,116.07,"84310 Sean Burg Suite 336
Johnsonberg, KY 97989",3510147665892184
317,Lee Minho,37,cwilliams@snow-hill.biz,FALSE,BASIC,18.3,5-Jan-21,7-Jan-21,258.17,"747 Levy Inlet
Carlosshire, WY 29435",3.79887E+14
318,Anna Schmidt,38,amcintosh@nicholson.com,FALSE,SUITE,21.99,3-Mar-20,5-Mar-20,270.34,"5678 Office Road
San Francisco, CA 94103",3.01471E+13
319,Nguyen Van A,32,johncooper@haynes.com,FALSE,BASIC,11.7,8-Jan-20,9-Jan-20,108.37,"23146 Ramirez Cliffs Apt. 766
West Bobbyview, TX 19066",3537575130326165
320,Kumar Singh,33,john35@marshall.org,FALSE,BASIC,30.13,14-Mar-20,17-Mar-20,111.51,"PSC 3626, Box 0936
APO AE 63573",3.47976E+14
321,Fatima Al-Sulaiman,34,ischultz@olsen.info,FALSE,BASIC,2.54,23-Aug-20,25-Aug-20,117.6,"85723 Gross Fields
East Elizabeth, OK 05536",1.80076E+14
322,Tommy Anderson,35,kathleenhunter@sanchez.net,FALSE,BASIC,,14-Apr-20,18-Apr-20,113.75,"9257 Daniel Street
Tiffanyville, MI 04016",4842842841551260763
323,Emily Wilson,36,howardlinda@russell.com,FALSE,DELUXE,21.27,8-Sep-20,10-Sep-20,191.65,"9525 Adkins Valleys Apt. 059
Michaelfort, UT 59519",4081137840079447463
324,Raj Kapoor,37,bradley48@jones-saunders.net,FALSE,BASIC,41.94,22-Jul-20,26-Jul-20,127.54,"634 Jeffrey Ramp
East Marcus, WV 75656",2720357472094597
325,Zhang Hui,38,alexandriaholloway@hart.com,FALSE,BASIC,,20-Jan-20,21-Jan-20,100.75,"533 Harper Lodge
Acostaview, ME 55698",4724270494254200
326,Jose Perez,32,lcrane@montgomery.com,FALSE,BASIC,26.83,19-May-20,21-May-20,109.22,"299 Tracie Prairie Apt. 867
Millerfurt, TX 20285",3.72727E+14
327,Jessica Taylor,33,ericgilbert@anderson.org,FALSE,BASIC,29.38,5-Aug-20,6-Aug-20,151.95,"193 Sanchez Camp Apt. 031
North Christopher, ME 09207",4174575706864906017
328,Daniel Hernandez,34,dward@ingram.net,FALSE,BASIC,,14-Sep-20,16-Sep-20,135.27,"PSC 7652, Box 4518
APO AA 69402",3.02177E+13
329,Kim Taehyung,35,tyler61@wu.com,FALSE,BASIC,24.15,19-Nov-20,22-Nov-20,110.17,"1234 Corporate Drive
Boston, MA 02116",4198648374170975
330,Khan Afridi,36,charlesmendoza@montgomery.org,FALSE,BASIC,35.98,14-Nov-20,16-Nov-20,110.76,"64885 Tapia Passage Suite 661
South Williamburgh, UT 73113",3593721093075677
331,Choi Sooyoung,37,elliottbrett@young.com,FALSE,BASIC,14.77,29-Jun-20,30-Jun-20,162.83,"77 Massachusetts Ave
Cambridge, MA 02139",4421164927406287
332,Anastasia Smirnova,38,elizabethvaldez@torres.org,FALSE,BASIC,19.36,15-Sep-20,17-Sep-20,115.68,"77 Massachusetts Ave
Cambridge, MA 02139",4.62659E+12
333,Ali Raza,32,asmith@jenkins.com,FALSE,BASIC,24.86,23-Jan-20,26-Jan-20,111.82,"1234 Corporate Drive
Boston, MA 02116",3564248037805113
334,Maria Fernandes,33,richard47@johnson-ramirez.com,FALSE,BASIC,22.58,13-Oct-20,18-Oct-20,228.47,"795 Bryan Park Suite 163
Millerbury, NH 78621",4615502422067487827
335,Michael Miller,34,kyle08@hodges.org,FALSE,BASIC,9.49,18-Aug-20,20-Aug-20,113.88,"6681 Fisher Harbor Suite 825
South Rebecca, WY 76598",6563148151770347
336,Chen Xiao,35,thess@evans.com,TRUE,SUITE,0,10-Mar-20,12-Mar-20,239.82,"712 William Spurs
Barbaraburgh, WV 29162",2.13197E+14
337,Alexandra Popescu,36,ryoung@miller.com,FALSE,BASIC,4.39,30-May-20,1-Jun-20,119.19,"103 Marie Street
East Jonathan, OH 98726",4497947983085279724
338,Ahmad Zain,37,jasonrobinson@stanton-acevedo.com,FALSE,BASIC,,4-May-20,7-May-20,121.13,"48130 Dougherty Mews
Lake Brendaland, CO 39494",3593608407914511
339,Lisa Manoban,38,danielreid@perry.biz,FALSE,BASIC,26.63,8-Nov-20,11-Nov-20,107.79,"7387 Armstrong Dale
Martinhaven, LA 76404",2251230344185348
340,Rosa Lopez,32,jsantos@greene.com,FALSE,BASIC,11.1,30-Sep-20,1-Oct-20,108.78,"9525 Adkins Valleys Apt. 059
Michaelfort, UT 59519",3549137323451742
341,James Davis,33,adavis@lee.com,FALSE,BASIC,,21-Sep-20,23-Sep-20,170.67,"5678 Office Road
San Francisco, CA 94103",4058701746490065
342,Jung Hoseok,34,eric05@hansen.org,FALSE,BASIC,10.8,26-Feb-20,29-Feb-20,106.43,"1234 Corporate Drive
Boston, MA 02116",3.74156E+14
343,Oliver Jones,35,matthew34@bennett.net,FALSE,BASIC,,5-Mar-20,6-Mar-20,126.51,"103 Marie Street
East Jonathan, OH 98726",4.01881E+12
344,Maria Rodriguez,36,eporter@cruz.net,FALSE,BASIC,21.42,21-Jul-20,22-Jul-20,106.08,"756 Lindsey Crossing
West Benjamin, IL 23712",4.62096E+12
345,Kwon Jiyong,37,darrellswanson@ross-wilson.net,TRUE,DELUXE,0,12-Dec-20,15-Dec-20,155.79,"16527 Marie Overpass
South Alyssa, IL 55658",3566632028027084
346,Patel Desai,38,rdougherty@white.com,FALSE,BASIC,20.64,22-Jan-20,28-Jan-20,119.35,"716 Carter Prairie Apt. 949
West Robertborough, ID 21883",2720777486238254
347,Nguyen Thi B,32,cvasquez@gutierrez-smith.net,FALSE,BASIC,23.91,4-Aug-20,5-Aug-20,103.94,"7150 Jose Neck
West Bobby, NH 57804",3.43361E+14
348,Thomas Moore,33,christine53@carson.org,FALSE,DELUXE,32.46,13-Mar-20,16-Mar-20,237.48,"690 Long Point Apt. 093
Hamiltonburgh, NE 23284",3546789694358139
349,Jungkook Jeon,34,robertsmith@allen-coffey.biz,FALSE,BASIC,6.98,26-Jan-20,28-Jan-20,116.71,"034 Tran Oval
Howardshire, VT 40933",3.75169E+14
350,Maria Silva,35,sean52@walters-walton.com,TRUE,DELUXE,0,8-Mar-20,10-Mar-20,207.68,"87614 Cindy Burgs
Jenniferhaven, NV 07708",6011674167570718
351,Chen Jing,36,kayla14@ford.net,FALSE,BASIC,,20-Jan-20,22-Jan-20,107.89,"USS Green
FPO AA 34533",4370581975900084057
352,Lee Seojin,37,huangsteven@schmidt.com,FALSE,BASIC,,30-Dec-20,1-Jan-21,149.99,"6035 Guzman Knolls
Cooketon, KS 79826",3.03831E+13
353,Kim Namjoon,38,jennifer85@sanders-ramos.info,FALSE,DELUXE,27.47,28-Feb-20,2-Mar-20,382.32,"690 Long Point Apt. 093
Hamiltonburgh, NE 23284",6011212085648728
354,Maria Santos,32,allen79@owens.com,FALSE,DELUXE,30.07,4-Apr-20,5-Apr-20,199.94,"77 Massachusetts Ave
Cambridge, MA 02139",3.04516E+13
355,Li Jun,33,nicholas72@merritt.org,FALSE,DELUXE,23.81,21-Aug-20,23-Aug-20,185.52,"404 James Rue
Gambletown, ND 71648",4849071695635572602
356,Maria Gonzalez,34,williamsbarbara@simmons-adams.biz,FALSE,SUITE,34.06,2-Jan-21,5-Jan-21,282.42,"546 Shannon Loaf Apt. 128
Tarabury, MS 01812",3.40783E+14
357,Lee Jieun,35,benjaminjohnson@martinez.org,FALSE,BASIC,22.25,22-Aug-20,,123.12,"003 Schultz Extension
Williamport, IA 16397",3523335206865695
358,Sarah Miller,36,andrewarcher@turner.com,FALSE,BASIC,20.57,2-Oct-20,3-Oct-20,116.28,"77 Massachusetts Ave
Cambridge, MA 02139",1.80086E+14
359,James Wilson,37,tthornton@chang-carlson.info,FALSE,DELUXE,11.01,5-Nov-20,7-Nov-20,192.81,"64885 Tapia Passage Suite 661
South Williamburgh, UT 73113",4877105963870018
360,Jessica Moore,38,elizabethjenkins@watts-cummings.com,FALSE,BASIC,26.54,15-Sep-20,,111.26,"74489 Simmons Trail
Valdezstad, GA 17568",6011088559299465
361,David Taylor,32,mlee@roman.info,FALSE,BASIC,20.18,12-Oct-20,14-Oct-20,130.69,"4940 Carpenter Harbor Apt. 333
Fletcherbury, OH 70388",4088566335879927256
362,Elizabeth Thomas,33,allisonhowe@mcdonald-roberts.com,FALSE,BASIC,14.98,1-Apr-20,3-Apr-20,113.64,"56473 Mason Fields
East Vanessa, DC 92204",6011664150631502
363,William Jackson,34,stephanie09@sexton-spencer.com,FALSE,BASIC,9.88,17-Feb-20,19-Feb-20,108.53,"77 Massachusetts Ave
Cambridge, MA 02139",4285102311649280378
364,Emma White,35,morrowbonnie@davis.com,FALSE,BASIC,30.88,13-Oct-20,16-Oct-20,145.39,"5678 Office Road
San Francisco, CA 94103",4.37183E+12
365,Joseph Harris,36,rmejia@buchanan-maynard.com,FALSE,BASIC,30.98,20-Jul-20,24-Jul-20,117.02,"84310 Sean Burg Suite 336
Johnsonberg, KY 97989",5.63626E+11
366,Samantha Martin,37,igibson@williams.info,FALSE,BASIC,36.68,31-Jul-20,3-Aug-20,382.97,"7105 Lauren Cliffs Suite 835
Hartfurt, VT 96920",4.04193E+12
367,Charles Thompson,38,woodsjoseph@ferguson.com,FALSE,BASIC,23.25,2-Feb-20,4-Feb-20,115.65,"1234 Corporate Drive
Boston, MA 02116",4.29182E+12
368,Patricia Garcia,32,ptaylor@rhodes-johnson.org,FALSE,BASIC,,5-Jul-20,8-Jul-20,109.8,"77 Massachusetts Ave
Cambridge, MA 02139",3527546197874381
369,Richard Martinez,33,amanda09@nelson.com,FALSE,BASIC,9.32,17-May-20,19-May-20,111.59,"448 Warren Glen Apt. 314
North Daniellestad, RI 07121",3575486711370031
370,Linda Robinson,34,gjohnson@miller.biz,FALSE,BASIC,22.54,13-Sep-20,15-Sep-20,129.11,"7807 Jessica Plaza
New David, MI 57970",1.80054E+14
371,Christopher Clark,35,garrettrandy@beck.com,FALSE,BASIC,27.92,9-Feb-20,10-Feb-20,110,"Unit 5037 Box 8794
DPO AP 31934",2245330590919827
372,Jennifer Rodriguez,36,gonzalezcarol@perry.org,TRUE,BASIC,0,19-Feb-20,22-Feb-20,85.68,"003 Schultz Extension
Williamport, IA 16397",5.77538E+11
373,Daniel Lewis,37,kevinguerrero@carter.com,FALSE,DELUXE,5.57,14-Nov-20,17-Nov-20,278.46,"PSC 0363, Box 4011
APO AA 93963",4606786888323064
374,Susan Walker,38,david29@house.com,FALSE,DELUXE,40.27,29-Jan-20,31-Jan-20,180.81,"77 Massachusetts Ave
Cambridge, MA 02139",3.47172E+14
375,Paul Hall,32,ericwilson@ramos-hall.net,TRUE,BASIC,0,30-Nov-20,3-Dec-20,171.25,"5678 Office Road
San Francisco, CA 94103",6.30454E+11
376,Nancy Allen,33,christopher09@robinson-campbell.net,FALSE,BASIC,,27-May-20,30-May-20,123.13,"923 Bonilla Extension Apt. 787
Brianside, TN 20966",1.80072E+14
377,Kenneth Young,34,carmen23@hodges.org,FALSE,BASIC,37.48,6-Mar-20,9-Mar-20,106.94,"6906 Ann Forks
Alvarezton, IL 83109",3.45599E+14
378,Karen King,35,jasonadkins@wright-jones.com,FALSE,BASIC,20.56,21-Jul-20,23-Jul-20,206.31,"5678 Office Road
San Francisco, CA 94103",4.71649E+12
379,Steven Wright,36,gschultz@hill.info,FALSE,BASIC,32.18,20-Mar-20,21-Mar-20,116.39,"65006 Wise Brooks
Johnsonville, AK 69821",5387625952115109
380,Carol Green,37,tking@fisher.com,FALSE,DELUXE,34.47,2-Jun-20,3-Jun-20,182.33,"PSC 8239, Box 6714
APO AA 74005",3.85395E+13
381,Edward Baker,38,joshua73@moore-price.com,FALSE,BASIC,,21-Jul-20,22-Jul-20,121.44,"USNS Walsh
FPO AA 74186",6528368724541777
382,Michelle Adams,32,fmartin@smith.com,FALSE,BASIC,31.69,13-Aug-20,16-Aug-20,172.71,"5678 Office Road
San Francisco, CA 94103",3.77203E+14
383,Brian Gonzalez,33,erinpope@price-weber.com,FALSE,BASIC,,11-Jan-20,13-Jan-20,139.8,"1234 Corporate Drive
Boston, MA 02116",1.80036E+14
384,Lisa Nelson,34,alexis29@garcia.com,FALSE,SUITE,32.94,16-Aug-20,18-Aug-20,295.89,"77 Massachusetts Ave
Cambridge, MA 02139",3524036046659111
385,Mark Carter,35,xsims@mack-williams.com,FALSE,BASIC,30.46,3-May-20,5-May-20,216.09,"468 Michelle Meadow
Lake Janiceton, CO 04554",4212325356062940
386,Kimberly Mitchell,36,miguel07@gonzales.net,FALSE,BASIC,14.61,14-Oct-20,17-Oct-20,124.89,"1234 Corporate Drive
Boston, MA 02116",3.42728E+14
387,Jeffrey Perez,37,derrickwalker@diaz-thomas.com,FALSE,BASIC,31.89,6-Jun-20,7-Jun-20,129.25,"77376 Brett Station Apt. 553
Port Sandyton, OK 99254",3534011282914908
388,Dorothy Turner,38,millerlindsay@jones.com,FALSE,BASIC,9.48,8-Jul-20,11-Jul-20,116.02,"74382 Davidson Overpass
Suzannehaven, OR 08372",5254781783937219
389,George Phillips,32,austinhunter@flores-bennett.com,TRUE,BASIC,0,20-Mar-20,21-Mar-20,84.69,"77 Massachusetts Ave
Cambridge, MA 02139",5.65744E+11
390,Deborah Campbell,33,christina28@pearson.net,FALSE,DELUXE,21.2,10-Jul-20,11-Jul-20,192.38,"2761 Karen Inlet Suite 474
Browntown, MA 69331",3.05516E+13
391,Donald Evans,34,hudsonanthony@jensen-johnson.com,FALSE,BASIC,22.3,7-Oct-20,8-Oct-20,201.19,"136 Jane Creek
Pamelashire, DC 55417",3.01226E+13
392,Rebecca Edwards,35,bunderwood@miller.com,FALSE,BASIC,20.61,31-May-20,3-Jun-20,103.56,"882 Mason Trace
Chelseyside, MO 34260",1.80069E+14
393,Ronald Collins,36,douglasschneider@mayo.com,FALSE,BASIC,21.24,21-Dec-20,22-Dec-20,177.01,"63517 Hernandez Squares Apt. 982
Davidview, NH 09163",3.44857E+14
394,Jennifer Stewart,37,dford@cole-chang.com,TRUE,BASIC,0,18-Mar-20,19-Mar-20,106.09,"16705 Ricardo Summit
Williamland, IL 78575",4862050819223272833
395,Jason Bailey,38,fuentesstephen@perry-mason.com,FALSE,BASIC,16.23,18-Sep-20,20-Sep-20,108.08,"750 Timothy Islands Suite 561
South Travisfort, MN 59519",4257368891931660047
396,Rachel Reed,32,randolphalison@pugh.com,FALSE,BASIC,18.22,6-Jan-21,8-Jan-21,121.44,"5678 Office Road
San Francisco, CA 94103",5.66337E+11
397,Timothy Bell,33,davery@moore-thompson.com,FALSE,DELUXE,29.36,27-Dec-20,28-Dec-20,293.67,"1234 Corporate Drive
Boston, MA 02116",4657620389661870
398,Julia Cook,34,thomas04@maynard.com,FALSE,BASIC,22.45,4-Jun-20,5-Jun-20,111.32,"1854 Davis Pine Apt. 637
Port Alison, NE 08642",4012142964345232448
399,Anthony Rivera,35,xwoodard@hill.com,FALSE,BASIC,21,10-Sep-20,13-Sep-20,144.28,"77 Massachusetts Ave
Cambridge, MA 02139",2.13118E+14
400,Nicole Ortiz,36,ortizalyssa@pitts.com,FALSE,BASIC,32.04,12-Apr-20,16-Apr-20,162.27,"67672 Wagner Lane
Ramoshaven, MI 94449",3.86152E+13
401,Kevin Alexander,37,markcraig@rodriguez.com,FALSE,BASIC,30,10-Jun-20,13-Jun-20,108.19,"77 Massachusetts Ave
Cambridge, MA 02139",3.73518E+14
402,Catherine Grant,38,lauraharrington@meza.com,FALSE,BASIC,8.63,20-Jan-20,23-Jan-20,137.82,"7150 Jose Neck
West Bobby, NH 57804",4.25727E+12
403,Gregory Ramirez,32,kelleykathy@berry.com,TRUE,DELUXE,0,20-Jan-20,23-Jan-20,174.3,"77 Massachusetts Ave
Cambridge, MA 02139",4.34243E+12
404,Christine Brooks,33,james96@price.com,FALSE,BASIC,27.96,27-Oct-20,28-Oct-20,112.5,"1234 Corporate Drive
Boston, MA 02116",2476007746597968
405,Sean Bennett,34,jesusalvarez@miller.info,FALSE,BASIC,13.46,6-Jun-20,7-Jun-20,139.84,"463 Simmons Forks
Port Eric, VA 11253",6560695332708789
406,Megan Gray,35,williampope@williams.biz,FALSE,BASIC,25.45,27-Nov-20,30-Nov-20,114,"77 Massachusetts Ave
Cambridge, MA 02139",4.8419E+12
407,Jerry Powell,36,howellscott@williams.com,FALSE,BASIC,11.69,25-Aug-20,28-Aug-20,111.27,"77 Massachusetts Ave
Cambridge, MA 02139",1.801E+14
408,Denise Simmons,37,victoriawest@burton.org,FALSE,DELUXE,47.73,5-Aug-20,6-Aug-20,180.84,"PSC 3710, Box 0259
APO AA 17597",4170434178108855
409,Douglas Anderson,38,duketara@jenkins.org,TRUE,DELUXE,0,15-Feb-20,18-Feb-20,169.53,"448 Warren Glen Apt. 314
North Daniellestad, RI 07121",6581222995752601
410,Marie Perry,32,deanna47@king-king.com,FALSE,DELUXE,31.25,17-May-20,19-May-20,188.08,"719 Tammy Cove Suite 832
Gregoryville, WV 39515",3.03318E+13
411,Terry Hughes,33,qcurtis@johnston.com,FALSE,BASIC,20.82,24-Feb-20,27-Feb-20,111.49,"86991 Mark Springs
South Christopher, OK 52641",5241472452042103
412,Stephanie Sanchez,34,qfleming@brown-walker.org,FALSE,BASIC,36.03,25-Jul-20,28-Jul-20,106.37,"94102 Thomas Causeway
Villafurt, MN 40012",3557338459387580
413,Frank Morgan,35,reynoldswesley@brooks-doyle.com,FALSE,BASIC,11.23,15-Dec-20,17-Dec-20,105.13,"2500 Smith Burgs
Sethshire, LA 94727",4.94147E+12
414,Theresa Ford,36,jessicasloan@phillips.biz,FALSE,BASIC,21.32,20-Jul-20,22-Jul-20,109.12,"259 Kenneth Ports
Port Cathy, SC 72708",3.40321E+14
415,Raymond Howard,37,adamsmark@phillips-barnes.com,FALSE,BASIC,46.27,26-May-20,27-May-20,141.68,"7874 Joshua Hills Apt. 837
Fullerfort, HI 81547",2224569421948456
416,Shirley Torres,38,bvalenzuela@torres.com,FALSE,BASIC,,9-Apr-20,12-Apr-20,108.9,"PSC 5502, Box 9414
APO AP 62466",6.76311E+11
417,Scott Peterson,32,bradley71@kennedy.biz,FALSE,BASIC,15.23,27-May-20,28-May-20,185.19,"41538 Kevin Court Suite 962
Port Aaronburgh, OH 90832",5.88335E+11
418,Gloria Diaz,33,lmann@payne.org,FALSE,DELUXE,32.2,28-Mar-20,29-Mar-20,205.21,"PSC 9068, Box 3403
APO AA 63140",4.91449E+12
419,Eric Rogers,34,elopez@miller.com,FALSE,BASIC,18.57,15-Apr-20,17-Apr-20,123.53,"6035 Guzman Knolls
Cooketon, KS 79826",4403802916859766
420,Joan Bryant,35,james19@green.info,FALSE,DELUXE,14.39,13-Jul-20,14-Jul-20,181.03,"56954 Montgomery Loop
Williamshire, NJ 43500",2465094079662307
421,Keith Armstrong,36,mcfarlandmichael@anderson.biz,FALSE,BASIC,17.76,1-Dec-20,2-Dec-20,241.68,"5678 Office Road
San Francisco, CA 94103",2692326159400934
422,Alice Kelly,37,sarah49@burton-roberts.org,TRUE,SUITE,0,13-Oct-20,15-Oct-20,204.76,"9726 Amber Station
East Keithland, ND 56091",6011258600416893
423,Roger Richards,38,sstevenson@parker.com,TRUE,DELUXE,0,3-Jul-20,5-Jul-20,174.26,"4940 Carpenter Harbor Apt. 333
Fletcherbury, OH 70388",4046581058023190
424,Rose Cooper,32,shirley92@clark.com,TRUE,SUITE,0,5-Jul-20,6-Jul-20,309.33,"1234 Corporate Drive
Boston, MA 02116",3503407440946302
425,Albert Ward,33,kevindorsey@fernandez-scott.info,FALSE,BASIC,25.99,7-Oct-20,8-Oct-20,116.46,"77 Massachusetts Ave
Cambridge, MA 02139",4133115085336384
426,Jacqueline Foster,34,stephanie07@thornton-pacheco.org,FALSE,BASIC,7.13,10-Apr-20,,110.14,"77 Massachusetts Ave
Cambridge, MA 02139",4023615601119338267
427,Harold Gibson,35,larryarnold@anderson.info,TRUE,SUITE,0,2-Mar-20,4-Mar-20,219.71,"10400 Janet Mission Suite 620
Davenportberg, OH 35247",4467149727366794
428,Frances Murphy,36,shall@humphrey.com,FALSE,DELUXE,30.55,8-Sep-20,10-Sep-20,225.18,"5678 Office Road
San Francisco, CA 94103",3.42084E+14
429,Carl Porter,37,kevincardenas@moore-mendoza.org,FALSE,BASIC,7.2,27-Jun-20,28-Jun-20,178.16,"1234 Corporate Drive
Boston, MA 02116",6523936482976917
430,Katherine Watson,38,fjenkins@dawson-kelly.com,FALSE,SUITE,15.8,2-Mar-20,5-Mar-20,286.76,"1234 Corporate Drive
Boston, MA 02116",3522235794160338
431,Arthur Hunter,32,jbaker@adams.com,FALSE,BASIC,14.18,18-Jun-20,22-Jun-20,106.89,"2761 Karen Inlet Suite 474
Browntown, MA 69331",3561736251498204
432,Jean Webb,33,mmoore@murray.com,FALSE,BASIC,14.64,26-Sep-20,28-Sep-20,110.23,"49380 Rivers Street
Spencerville, AK 68265",5.02096E+11
433,Harry Stevens,34,daybarbara@graham.com,FALSE,BASIC,19.89,29-Mar-20,30-Mar-20,124.62,"Unit 9902 Box 5493
DPO AA 83293",4185660640095691
434,Ruth Hanson,35,gibsondonna@smith.org,FALSE,DELUXE,22.56,13-Nov-20,15-Nov-20,180.61,"55971 Gordon Courts Apt. 346
Deanside, CT 64117",6011773639198148
435,Sean Dunn,36,juanshepherd@doyle.biz,FALSE,BASIC,22.02,14-Jul-20,,115.8,"PSC 3626, Box 0936
APO AE 63573",5464936567026193
436,Christina George,37,megantaylor@flores.com,FALSE,BASIC,29.7,1-Jan-21,,288.85,"PSC 5158, Box 5436
APO AP 49175",4.36746E+12
437,Lawrence Hayes,38,taylorrobert@henderson.biz,FALSE,SUITE,21.37,13-Feb-20,14-Feb-20,256.98,"945 Jamie Viaduct Apt. 964
Lake Brendaport, ME 27207",4602469054715435665
438,Cheryl Riley,32,joshua15@gaines.com,TRUE,DELUXE,0,22-Jun-20,24-Jun-20,204.11,"361 Compton Harbor
Yvetteland, KS 17306",4523783681085860804
439,Randy Burke,33,patriciaanderson@moore-castillo.com,FALSE,BASIC,21.12,16-Jul-20,19-Jul-20,107.9,"136 Jane Creek
Pamelashire, DC 55417",2715417717805004
440,Kathleen Nichols,34,patriciawilson@cook.org,FALSE,BASIC,7.99,1-Sep-20,3-Sep-20,114.29,"748 Holly Way Suite 309
West Bruce, OK 55466",3.03771E+13
441,Russell Webb,35,megan44@rodriguez-mejia.com,FALSE,BASIC,27.71,16-Aug-20,18-Aug-20,118.73,"5678 Office Road
San Francisco, CA 94103",5578220251191883
442,Melissa Price,36,chad98@price.com,TRUE,SUITE,0,8-Jun-20,10-Jun-20,204.46,"77 Massachusetts Ave
Cambridge, MA 02139",5.60508E+11
443,Raymond Freeman,37,tclarke@day.biz,FALSE,BASIC,22.22,29-Jan-20,30-Jan-20,118.08,"5678 Office Road
San Francisco, CA 94103",2.1313E+14
444,Judith Daniels,38,kferguson@barnes.com,TRUE,DELUXE,0,11-Jan-20,13-Jan-20,213.47,"5352 Anthony Shoals Apt. 499
West Paulhaven, NM 71840",3.01235E+13
445,Wayne Russell,32,mccormickbrittany@wilson.com,FALSE,BASIC,25.78,20-Dec-20,22-Dec-20,141.15,"71174 Walker Via
Garyton, TN 87528",3574979486199545
446,Betty Shaw,33,pottsgabriel@kaufman.com,FALSE,BASIC,20.85,24-Sep-20,27-Sep-20,140.36,"5805 Norris Radial Suite 023
West Stephen, RI 08085",4276212116724949
447,Stanley Fisher,34,brittanybailey@bates-williams.com,FALSE,BASIC,20.13,18-Oct-20,20-Oct-20,108.98,"77 Massachusetts Ave
Cambridge, MA 02139",4007285303805798357
448,Bonnie Watkins,35,wesley90@howard.com,FALSE,BASIC,37.91,19-Apr-20,22-Apr-20,117.37,"1234 Corporate Drive
Boston, MA 02116",1.80082E+14
449,Philip Simpson,36,samantha42@rodriguez.org,FALSE,BASIC,32.2,20-Jun-20,22-Jun-20,124.59,"6681 Fisher Harbor Suite 825
South Rebecca, WY 76598",6011366828753003
450,Norma Fox,37,wmorton@stanley.com,FALSE,BASIC,21.92,25-Oct-20,26-Oct-20,139.59,"780 Charles Fields
North Sharonmouth, DC 90483",3599900650429543
451,Johnny Rhodes,38,amandasmith@cox-galvan.com,FALSE,BASIC,28.95,13-Jul-20,16-Jul-20,176.9,"5678 Office Road
San Francisco, CA 94103",4109127084665887
452,Annette Mason,32,amanda93@lin-nelson.com,FALSE,BASIC,15.71,21-May-20,23-May-20,107.39,"878 Carolyn Dale
Johnhaven, DC 08878",2.13163E+14
453,Vincent Hunt,32,fmorales@malone-powell.com,FALSE,BASIC,15.54,26-Nov-20,29-Nov-20,209.9,"67672 Wagner Lane
Ramoshaven, MI 94449",3.00253E+13
454,Margaret Crawford,34,jack31@collins-bauer.com,FALSE,SUITE,,26-Sep-20,29-Sep-20,265.09,"913 Griffin Spurs
Krausemouth, MD 07676",4094273808531621550
455,Calvin West,35,justin41@mclean-vincent.net,FALSE,BASIC,15.34,9-Sep-20,12-Sep-20,115.62,"953 White Island
Christopherside, TN 91366",4997007688211111
456,Lois Austin,37,jennifer93@ross.biz,FALSE,BASIC,32.1,15-Sep-20,16-Sep-20,106,"975 Julia Mills Apt. 917
East Matthewchester, FL 22011",3501951215134257
457,Philip Weaver,33,wwalker@nguyen.com,FALSE,BASIC,16.86,25-Nov-20,26-Nov-20,118.77,"1234 Corporate Drive
Boston, MA 02116",3553805464121406
458,Joyce Murray,36,tristanmccullough@williams.info,FALSE,BASIC,21.53,5-Oct-20,8-Oct-20,115.99,"81336 Bianca Ville Suite 009
New Matthew, LA 51794",5.03825E+11
459,Adam Boyd,38,rcopeland@miller.com,FALSE,BASIC,15.56,26-Jul-20,28-Jul-20,105.84,"6067 Tommy Via
East Robinville, AL 20902",3507677491405293
460,Judith Armstrong,34,bakerjennifer@holmes.com,FALSE,DELUXE,40.88,17-Nov-20,19-Nov-20,190.01,"2224 Hahn Lane Apt. 597
South Zacharystad, NY 69895",3504340315602214
461,Clarence Elliott,35,whitemichelle@schneider-coleman.com,FALSE,BASIC,22.4,7-Jan-20,10-Jan-20,122.68,"2117 Arnold Village
South Oscarport, PA 57297",2720579069822037
462,Joanne Tucker,31,flowersalexander@castro.com,FALSE,DELUXE,14.49,2-Nov-20,3-Nov-20,188.31,"33825 Moreno Motorway Apt. 198
Lake Daniel, NM 92683",3536694774772930
463,Samuel Palmer,36,kimjoe@escobar.com,FALSE,BASIC,15.29,12-Dec-20,16-Dec-20,143.78,"74489 Simmons Trail
Valdezstad, GA 17568",3.00905E+13
464,Janet Warren,37,timothywilliams@hull.com,FALSE,DELUXE,22.79,25-Sep-20,26-Sep-20,182.21,"06133 Mendoza Light
Geneberg, RI 46223",3591581517359921
465,Ernest Scott,33,dean26@garza.com,FALSE,BASIC,12.85,25-Apr-20,26-Apr-20,148.91,"1234 Corporate Drive
Boston, MA 02116",3.45403E+14
466,Zhang Yixing,32,judy00@johnson-meyer.com,FALSE,DELUXE,8.58,11-Aug-20,15-Aug-20,191.68,"4758 Parsons Camp
Lake Annettehaven, DC 78176",3521577157408460
467,Kumar Sanjay,34,jeffrey32@owen.com,FALSE,SUITE,11.34,17-Mar-20,18-Mar-20,279.14,"776 Parker Locks Suite 350
Pamelamouth, WY 15909",6578371731963793
468,Emily Taylor,35,belljose@goodwin-farrell.net,FALSE,BASIC,23.41,6-Nov-20,7-Nov-20,103.17,"45274 Andrew Bridge
New Elizabethton, FL 05037",4534892217780995
469,Noah Thomas,36,martinezmelody@michael.info,FALSE,BASIC,23.8,17-Nov-20,20-Nov-20,122.85,"74390 Jones Knolls
Port Brookeburgh, ME 47272",4112009209882613729
470,Ava Jackson,37,sandrawood@fletcher.com,FALSE,BASIC,30.1,2-Nov-20,4-Nov-20,118.88,"221 Lopez Bypass Suite 004
Benjaminchester, ME 19764",4243591546864973
471,Wang Lei,38,scott83@cruz.info,FALSE,BASIC,8.64,12-Jul-20,13-Jul-20,151.2,"022 Cathy Estate Suite 068
Lake Kimberlyburgh, AR 81191",2268054116063553
472,Sharma Ravi,39,cyates@hodge-mays.com,FALSE,BASIC,21.64,22-Nov-20,25-Nov-20,106.17,"0156 Russell Trail Apt. 291
Port Scottchester, IA 23231",3.73486E+14
473,Charlotte White,33,autumnbrown@black.net,FALSE,BASIC,34.44,26-Oct-20,28-Oct-20,178.57,"20185 Devin Junction Suite 985
New Damonshire, PA 92492",3582591060641444
474,Liam Harris,32,lisahernandez@henry.net,FALSE,DELUXE,36.26,7-Mar-20,8-Mar-20,181.8,"9525 Adkins Valleys Apt. 059
Michaelfort, UT 59519",3566886539059875
475,Mia Clark,34,carterselena@zavala.com,FALSE,BASIC,24.65,26-Aug-20,27-Aug-20,174.94,"5678 Office Road
San Francisco, CA 94103",4155982572148834359
476,Zhao Qian,35,stephanie52@jensen.org,TRUE,SUITE,0,1-Mar-20,2-Mar-20,235.81,"755 Kathleen Branch
Julietown, KS 39413",4559707677998930483
477,Gupta Rajesh,36,caleb90@baker.org,FALSE,BASIC,22.46,1-Dec-20,3-Dec-20,109.45,"06567 John Walk Apt. 238
West Scott, NV 61617",6.7599E+11
478,Harper Green,37,christophergarcia@harris.com,FALSE,BASIC,24.33,7-Apr-20,10-Apr-20,275.87,"747 Levy Inlet
Carlosshire, WY 29435",6.75948E+11
479,Ethan King,38,lorihernandez@levine.com,TRUE,SUITE,0,30-Jun-20,2-Jul-20,206.08,"10400 Janet Mission Suite 620
Davenportberg, OH 35247",3579211175198421
480,Madison Walker,39,uwilson@wilson.biz,FALSE,SUITE,11.27,15-Jan-20,16-Jan-20,266.91,"77 Massachusetts Ave
Cambridge, MA 02139",4953579253548398330
481,Li Jun,33,wcox@moore.com,FALSE,BASIC,13.26,30-May-20,1-Jun-20,124.71,"975 Julia Mills Apt. 917
East Matthewchester, FL 22011",4331565134617376
482,Verma Amit,32,samuelthompson@gallegos.com,FALSE,BASIC,22.66,19-Jan-20,21-Jan-20,133.84,"2506 Christopher Lock
Lake Paul, IL 17894",5384429416877617
483,Scarlett Hall,34,harrisdenise@davidson-holland.info,FALSE,BASIC,11.56,13-Oct-20,15-Oct-20,125.19,"77 Massachusetts Ave
Cambridge, MA 02139",4.79939E+12
484,Benjamin Wright,35,coreytaylor@porter-choi.com,FALSE,BASIC,19.59,16-Aug-20,18-Aug-20,144.66,"41538 Kevin Court Suite 962
Port Aaronburgh, OH 90832",2419478417491957
485,Abigail Adams,36,pgomez@moore.com,FALSE,BASIC,28.53,30-Dec-20,1-Jan-21,131.79,"4274 Haynes Alley Apt. 017
North Sharon, AZ 71154",6591207564593070
486,Chen Jing,37,laurastewart@williams.com,FALSE,BASIC,24.47,29-Nov-20,1-Dec-20,120.75,"6078 Henry Passage Apt. 109
Mccartyberg, KS 32014",3.46178E+14
487,Kapoor Vijay,38,ggillespie@conrad.com,FALSE,BASIC,17.85,26-Aug-20,30-Aug-20,107.93,"1234 Corporate Drive
Boston, MA 02116",3510137679437019
488,Ella Turner,39,gsanchez@jackson.info,TRUE,DELUXE,0,7-Jun-20,9-Jun-20,154.22,"430 Pacheco Way Suite 104
Codyville, OK 98583",4324982253017453
489,William Carter,33,smithkristina@fox-williams.org,FALSE,BASIC,16.61,18-Dec-20,,149.53,"88394 Boyle Meadows
Conleyberg, TN 22063",4755776418577023
490,Isabella Thompson,32,toddmoore@williams.info,FALSE,BASIC,14.48,10-Mar-20,11-Mar-20,106.26,"1234 Corporate Drive
Boston, MA 02116",4053685242271325982
491,Liu Yang,34,murphyjose@sandoval.com,FALSE,BASIC,15.23,10-May-20,14-May-20,122.44,"77 Massachusetts Ave
Cambridge, MA 02139",3.03936E+13
492,Mehta Rohit,35,jonathan08@martinez.com,FALSE,BASIC,16.69,20-Apr-20,24-Apr-20,102.59,"0215 Chase Roads Suite 951
Port Joshua, MS 80335",2.13172E+14
493,Sophia Phillips,36,sjackson@diaz.com,FALSE,DELUXE,16.36,18-Apr-20,21-Apr-20,185.02,"5678 Office Road
San Francisco, CA 94103",6512619141183173
494,Jacob Nelson,37,kristi23@lawson-wilson.com,FALSE,BASIC,18.99,23-Jul-20,25-Jul-20,103.96,"9525 Adkins Valleys Apt. 059
Michaelfort, UT 59519",4724741690964305
495,Olivia Allen,38,xingram@moses.com,FALSE,BASIC,7.48,11-May-20,13-May-20,169.72,"7602 John Mill Apt. 258
Dustinbury, DE 85141",4711730811777195574
496,Zhang Hui,39,laurabennett@jones-duncan.net,FALSE,BASIC,8.71,4-Jan-21,6-Jan-21,103.25,"5678 Office Road
San Francisco, CA 94103",3505516387300030
497,Patel Akash,33,johnny71@cook.info,FALSE,BASIC,16.31,24-Aug-20,26-Aug-20,115.81,"953 White Island
Christopherside, TN 91366",2224524502892552
498,Grace Perry,32,ygarcia@ballard-lopez.net,FALSE,BASIC,30.59,11-Nov-20,13-Nov-20,141.61,"5678 Office Road
San Francisco, CA 94103",1.80096E+14
499,Michael Roberts,34,thomasdale@hall.com,FALSE,BASIC,1.93,16-Jul-20,18-Jul-20,136.92,"5678 Office Road
San Francisco, CA 94103",4.48822E+12
500,Emily Evans,35,danieltaylor@harper.com,FALSE,BASIC,3.84,22-Mar-20,25-Mar-20,143.52,"034 Tran Oval
Howardshire, VT 40933",2.13166E+14
